sample_id,rpoB_abundance
ERR2619707,2211.0143758186205
ERR2619708,2254.9302857644716
ERR2619709,1945.6898546788625
ERR2619710,2077.0878426532795
ERR2619711,2114.658355554668
ERR2619712,2070.4187065649594
ERR2619713,2822.7945856135702
ERR2619714,1929.0021392142437
ERR2619715,1927.093973262341
ERR2619716,1796.7155703524977
ERR2619717,1774.1831546239605
ERR2619718,2265.280034887554
ERR2619719,1845.593832511726
ERR2619720,2084.704397849096
ERR2619721,1874.7495517978239
ERR2619722,1923.8756941041556
ERR2619723,2234.205376027636
ERR2619724,1993.386999560825
ERR2619725,2394.1329078223634
ERR2619726,2208.9017082574933
ERR2619727,2091.3272095288125
ERR2619728,2165.3174125677856
ERR2619729,1971.624791061846
ERR2619730,1825.7323029520746
ERR2619731,1824.100972066447
ERR2619732,2026.6501019622513
ERR2619733,2166.458815708134
ERR2619734,1932.2708109954283
ERR2619735,1886.787537936864
ERR2619736,2179.633354478703
ERR2619737,1956.1601812336237
ERR2619738,1777.5562389708484
ERR2619739,2171.9433979372993
ERR2619740,2096.664768538502
ERR2619741,2051.246066145734
ERR2619742,1882.9507978662682
ERR2619743,2130.861615409717
ERR2619744,1949.6990855973445
ERR2619745,2348.4953712680103
ERR2619746,1962.9867345384725
ERR2619747,2296.930430346179
ERR2619748,1788.9021406075901
ERR2619749,2869.2747702513693
ERR2619750,2215.313167064514
ERR2619751,2172.217066800013
ERR2619752,1824.4699418685407
ERR2619753,3113.9622512024584
ERR2619754,2129.131977654564
ERR2619755,2174.7809319454072
ERR2619756,1821.7333088917742
ERR2619757,2162.865678167561
ERR2619758,2833.9406736420297
ERR2619759,1929.0023068778623
ERR2619760,1831.124070500414
ERR2619761,2025.0477818872587
ERR2619762,2152.236842603852
ERR2619763,1764.694147825394
ERR4330026,2142.4536216767065
ERR4330027,1806.5025642422338
ERR4330028,1997.605451716613
ERR4330029,2150.560629963968
ERR4330030,2387.4987949224687
ERR4330031,2001.3616174455003
ERR4330032,2368.9943871992446
ERR4330033,2215.3200371372527
ERR4330034,2015.2290410861488
ERR4330035,2091.8780670431584
ERR4330036,2746.7487305049185
ERR4330037,2244.900768665531
ERR4330038,2273.634192274034
ERR4330039,2266.0324618387317
ERR4330040,2090.3577543104475
ERR4330041,1806.1653765301091
ERR4330042,1936.682228754695
ERR4330043,1876.6124870536728
ERR4330044,1937.062715437235
ERR4330045,2109.99765428909
ERR4330046,2133.7024590682427
ERR4330047,2658.8368223506095
ERR4330048,2370.305132394443
ERR4330049,2408.214966417001
ERR4330050,1533.8106714384592
ERR4330051,2456.2713732354296
ERR4330052,1618.8251975086048
ERR4330053,2050.7959220183475
ERR4330054,2206.0739648723456
ERR4330055,2232.315560604091
ERR4330056,2296.556111484453
ERR4330057,2360.9155116190877
ERR4330058,2291.3173831374806
ERR4330059,2187.5286795426236
ERR4330060,1909.4616047770157
ERR4330061,2134.846765642424
ERR4330062,2037.2101645632233
ERR4330063,2426.1065643553407
ERR4330064,2370.167393017009
ERR4330065,2080.6915599668546
ERR4330066,2102.0097735850586
ERR4330067,1748.42191159481
ERR4330068,1828.0456310091652
ERR4330069,1965.790435799503
ERR4330070,2215.6616991181677
ERR4330071,2287.9554558654263
ERR4330072,2000.8090751052214
ERR4330073,2106.4876812101643
ERR4330074,2135.689884710883
ERR4330075,2071.0232009670294
ERR4330076,2128.5474630788767
ERR4330077,2278.0025722706355
ERR4330078,1864.8263719848126
ERR4330079,1957.4733734420913
ERR4330080,1983.7909692971662
ERR4330081,2485.8890302869136
ERR4330082,2285.1796340790124
ERR4330083,1796.9957940113186
ERR4330084,2333.8983516294124
ERR4330085,2263.9474531939286
ERR4330086,2278.771326694273
ERR4330087,2296.6117504137133
ERR4330088,2221.515892357753
ERR4330089,2691.3515880243235
ERR4330090,2473.9222847914552
ERR4330091,2534.1125184426764
ERR4330092,2225.746208079552
ERR4330093,1996.8214679056712
ERR4330094,1939.4105864486576
ERR4330095,2299.115733711081
ERR4330096,2167.2659672476348
ERR4330097,1986.5359107396475
ERR4330098,1858.6262793338328
ERR4330099,2069.37888430575
ERR4330100,1794.9964897597877
ERR4330101,2187.160711109065
ERR4330102,2451.1619267492883
ERR4330103,2005.6846117422256
ERR4330104,2729.878901186553
ERR4330105,2737.5214734311076
ERR4330106,2132.9908029521434
ERR4330107,2102.3210558802034
ERR4330108,2440.873581532125
ERR4330109,2386.104240258079
ERR4330110,2082.4728786645583
ERR4330111,2050.462191660337
ERR4330112,1869.1928247939807
ERR4330113,1594.7964964540295
ERR4330114,2234.317625827873
ERR4330115,2068.987751622049
ERR4330116,1822.8096056103557
ERR4330117,2111.5276792206832
ERR4330118,2027.507121232997
ERR4330119,2182.9754164795595
ERR4330120,2104.4750272965634
ERR4330121,2101.0681601496676
ERR4330122,2243.1996850578403
ERR4330123,2123.3799064509185
ERR4330124,2116.620349661469
ERR4333869,2411.098422529915
ERR4333870,2138.747960731681
ERR4333871,2072.735122202692
ERR4333872,2195.441992696549
ERR4333873,2624.687559678893
ERR4333874,2187.7615432009816
ERR4333875,1985.7264526821123
ERR4333876,2096.6697067289633
ERR4333877,2057.7050945729134
ERR4333878,2146.499685364153
ERR4333879,2430.3495331744766
ERR4333880,2098.9326669749566
ERR4333881,1901.0937472284409
ERR4333882,2113.974441508823
ERR4333883,2061.262068951946
ERR4333884,2002.629635318617
ERR4333885,1876.520191147659
ERR4333886,2293.1621932186886
ERR4333887,2155.125719920969
ERR4333888,1998.8947764820232
ERR4333889,1845.1019207182253
ERR4333890,1957.9933604046764
ERR4333891,2499.1697058866844
ERR4333892,2287.919155406815
ERR4333893,1919.2359063234692
ERR4333894,2140.152733312217
ERR4333895,2858.792043836884
ERR4333896,1852.1500835453594
ERR4333897,2351.4754887326117
ERR4333898,1877.3616366706194
ERR4333899,2060.5215184528297
ERR4333900,2109.704045549613
ERR4333901,1930.4486795424828
ERR4333902,2482.3980073536245
ERR4333903,1943.3447258895771
ERR4333904,1961.0582205268097
ERR4333905,2331.010094222287
ERR4333906,1788.5441650729929
ERR4333907,2415.80716045353
ERR4333908,2132.889641750882
ERR4333909,2298.4446199496106
ERR4333910,2360.565667949269
ERR4333911,1907.6013688795713
ERR4333912,1899.3827607703945
ERR4333913,2323.0137167435455
ERR4333914,2176.2992578514463
ERR4333915,1977.7387610420528
ERR4333916,2260.719182815681
ERR4333917,2059.179669409597
ERR4333918,2007.5591524765955
ERR4333919,1979.752988952163
ERR4333920,2003.7595307673053
ERR4333921,2095.5649059152347
ERR4333922,2082.244134037876
ERR4333923,2236.794198206727
ERR4333924,2046.5625579908412
ERR4333925,2624.948232236221
ERR4333926,2100.6033740371886
ERR4333927,2254.0987114785676
ERR4333928,1866.1366564662715
ERR4333929,1949.9667933071205
ERR4333930,2592.060916868262
ERR4333931,2343.6209619042684
ERR4333932,2044.4050695386716
ERR4333933,2584.0504046321253
ERR4333934,1625.8157411928962
ERR4333935,2213.0678447753876
ERR4333936,2442.795544346146
ERR4333937,1880.2527609737076
ERR4333938,1940.7190854320108
ERR4333939,1495.562323780579
ERR4333940,2291.5668961369893
ERR4333941,2465.3511313335525
ERR4333942,2159.1242510537086
ERR4333943,1774.8023786596352
ERR4333944,2232.2816738201414
ERR4333945,2250.0425064663755
ERR4333946,2230.418079990557
ERR4333947,2088.675033945044
ERR4333948,1722.023084791646
ERR4333949,2271.722694462692
ERR4333950,2474.0969731642795
ERR4333951,1869.5152225423126
ERR4333952,2127.159951373551
ERR4333953,2135.2947198425973
ERR4333954,2330.6499676233716
ERR4333955,1836.4787473522374
ERR4333956,1763.2328806781131
ERR4333957,2084.965445549013
ERR4333958,2253.631846906749
ERR4333959,2132.588664494721
ERR4333960,2253.208284035568
ERR4333961,2017.7042328841603
ERR4333962,1688.8258397649977
ERR4333963,2222.675102509315
ERR4333964,2016.3562611394657
ERR4333965,2234.346362634181
ERR4333966,1887.1019451230677
ERR4333967,1933.124662338933
ERR4333968,2096.690515662801
ERR4333969,2060.1612861061735
ERR4333970,2336.0791191267804
ERR4333971,2224.0474725225176
ERR4333972,2326.2276131959616
ERR4333973,2159.53330360635
ERR4333974,2140.569669169603
ERR4333975,1800.8268699021776
ERR4333976,3082.3372503647297
ERR4333977,2268.8790109840434
ERR4333978,2044.0420994826616
ERR4333979,2326.7403798844916
ERR4333980,1957.1955894643852
ERR4333981,2670.3511488394647
ERR4333982,2288.6860513133493
ERR4333983,1987.2877413625595
ERR4333984,2062.4705136719313
ERR4333985,1876.0975203955431
ERR4333986,2177.311616829421
ERR4333987,1986.4520792532446
ERR4333988,1976.3628257217597
ERR4333989,1999.0389892598903
ERR4333990,2668.032981012144
ERR4333991,2184.5419995736165
ERR4333992,2360.274495502178
ERR4333993,2003.6032292521336
ERR4333994,2413.285184381433
ERR4333995,2107.3005982750346
ERR4333996,2387.565429225607
ERR4333997,2198.1178328353244
ERR4333998,2077.394976177098
ERR4333999,2044.3533546890533
ERR4334000,2040.0927445299308
ERR4334001,2122.5325339374554
ERR4334002,2193.812556451766
ERR4334003,1753.264888984026
ERR4334004,1931.8629828808382
ERR4334005,1662.7004501724005
ERR4334006,2015.0972569927485
ERR4334007,1982.9021178624507
ERR4334008,2270.608363372368
ERR4334009,2015.8552309643244
ERR4334010,1899.6574162424242
ERR4334011,1651.10176806917
ERR4334012,2476.936567894793
ERR4334013,2079.8246623795776
ERR4334014,1992.6059760037429
ERR4334015,2128.5457305948757
ERR4334016,2005.168123263425
ERR4334017,2281.2271352896305
ERR4334018,2113.485660043909
ERR4334019,1841.641613028865
ERR4334020,2012.0245723467158
ERR4334021,2161.1952671334147
ERR4334022,2027.0310771010775
ERR4334023,2246.2914420333195
ERR4334024,2380.4914205157625
ERR4334025,1878.7165438971629
ERR4334026,1987.740576298893
ERR4334027,2265.5057402760067
ERR4334028,2197.2011761009785
ERR4334029,2194.7923095046085
ERR4334030,2250.439939352286
ERR4334031,2308.4077035698615
ERR4334032,2081.3592428371658
ERR4334033,2925.3066782318224
ERR4334034,2275.3420296566896
ERR4334035,2201.3107934225163
ERR4334036,2106.311893972021
ERR4334037,2127.2186447550657
ERR4334038,1995.0346788005966
ERR4334039,2183.7787362660183
ERR4334040,2178.441820469641
ERR4334041,1869.9519168397192
ERR4334042,1730.1817831201747
ERR4334043,2568.290953782009
ERR4334044,2000.6465468797478
ERR4334045,2425.662666940754
ERR4334046,2079.0091955914954
ERR4334047,1825.7511465259277
ERR4334048,3111.667105896613
ERR4334049,2074.0606738350666
ERR4334050,2425.198029746157
ERR4334051,2157.0822103230166
ERR4334052,1954.8534863625139
ERR4334053,2625.7586333754325
ERR4334054,1906.7246747071497
ERR4334055,2051.2667523071023
ERR4334056,2264.956617923495
ERR4334057,2081.7656875149146
ERR4334058,2215.3124963661157
ERR4334059,2203.845101960517
ERR4334060,2190.020970515767
ERR4334061,2123.526277926222
ERR4334062,2259.629904659675
ERR4334063,2333.4789027956344
ERR4334064,2336.4395727267706
ERR4334065,2151.0262761305094
ERR4334066,1968.6209287898573
ERR4334067,2099.0939132710046
ERR4334068,2063.047411913815
ERR4334069,2067.417307448581
ERR4334070,2500.472555352436
ERR4334071,2005.1466219363972
ERR4334072,2251.520588450274
ERR4334073,2231.612394285252
ERR4334074,2399.3422929967114
ERR4334075,2090.9986084062284
ERR4334076,1908.8539398815742
ERR4334077,2047.918190157104
ERR4334078,2498.9601916192028
ERR4334079,1686.3399174453098
ERR4334080,2381.9550438496303
ERR4334081,2102.0413029986103
ERR4334082,2126.035569278833
ERR4334083,2216.2871950099975
ERR4334084,2206.9586608911404
ERR4334085,1934.2683469341061
ERR4334086,2207.2786423489238
ERR4334087,1805.7197130513418
ERR4334088,2218.0470802936675
ERR4334089,1861.5658278811836
ERR4334090,2092.129466327755
ERR4334091,2199.2069784860396
ERR4334092,2036.3780253145117
ERR4334093,1814.9382354799388
ERR4334094,2191.9461581221344
ERR4334095,2446.1158017507055
ERR4334096,2164.1281351857656
ERR4334097,2261.9852809665254
ERR4334098,2115.4457339851187
ERR4334099,2153.7081869094595
ERR4334100,1902.6032725503076
ERR4334101,2236.5163720576716
ERR4334102,2463.0631719846338
ERR4334103,1766.1536505478075
ERR4334104,2539.635451077274
ERR4334105,2114.4577354034427
ERR4334106,2205.4686196438006
ERR4334107,1978.1455961783743
ERR4334108,1997.3685770970312
ERR4334109,2349.4061888424426
ERR4334110,2082.49455130427
ERR4334111,2053.511490054733
ERR4334112,1999.8441385855517
ERR4334113,2051.5733769233993
ERR4334114,3043.3803728140692
ERR4334115,2352.4931982284766
ERR4334116,2063.6172296269065
ERR4334117,2013.5307366239615
ERR4334118,2217.759199231253
ERR4334119,2214.493194043997
ERR4334120,2277.6792092960886
ERR4334121,2146.7699233490807
ERR4334122,2220.484486505444
ERR4334123,1337.3228137234237
ERR4334124,1983.7392324091695
ERR4334125,1814.4080810434914
ERR4334126,1996.2333590544288
ERR4334127,2080.243882772365
ERR4334128,2211.3440654382666
ERR4334129,1949.2259572177052
ERR4334130,2209.62443125923
ERR4334131,2042.6138787048246
ERR4334132,2329.4490729647305
ERR4334133,2152.901414429113
ERR4334134,2673.2843097601503
ERR4334135,2144.3641688004845
ERR4334136,2156.100448813669
ERR4334137,2067.378851334484
ERR4334138,2174.434547247607
ERR4334139,2044.6210050214759
ERR4334140,1889.92101389934
ERR4334141,2325.611017012242
ERR4334142,2182.308545229451
ERR4334143,1959.122295224133
ERR4334144,2124.5813350189005
ERR4334145,1972.9580759161324
ERR4334146,1870.588379464317
ERR4334147,2018.1801832528488
ERR4334148,1871.5729673980752
ERR4334149,1968.5532891512862
ERR4334150,1876.7101103815316
ERR4334151,1851.143156593832
ERR4334152,1924.9313217987783
ERR4334153,2108.4403478596505
ERR4334154,2248.722922709724
ERR4334155,2096.805906593717
ERR4334156,2034.4275692284027
ERR4334157,2142.9698335497324
ERR4334158,2401.499239644217
ERR4334159,1867.5183867881328
ERR4334160,1860.1121286098498
ERR4334161,2552.789454442287
ERR4334162,1944.4353908358496
ERR4334163,1843.4584522795537
ERR4334164,2075.97404700942
ERR4334165,2067.928847090054
ERR4334166,2356.9362571338806
ERR4334167,2200.4128184387987
ERR4334168,2014.3229560248824
ERR4334169,1977.4374152540959
ERR4334170,1940.6439050083166
ERR4334171,2175.807241499609
ERR4334172,2008.283877250691
ERR4334173,2336.699246422896
ERR4334174,1944.7802455451008
ERR4334175,2422.573487075049
ERR4334176,2217.4645474250265
ERR4334177,2073.1188323704255
ERR4334178,2146.085833506348
ERR4334179,1999.6607551156817
ERR4334180,2200.1043671535294
ERR4334181,1949.6816434743682
ERR4334182,2031.4277888547858
ERR4334183,2195.0691362477646
ERR4334184,2436.643416167897
ERR4334185,1956.1957755744886
ERR4334186,2352.9982029941584
ERR4334187,2062.6425663397467
ERR4334188,2076.788075797668
ERR4334189,1942.5194593552515
ERR4334190,1699.533362706345
ERR4334191,2303.7664737793375
ERR4334192,2305.473017456231
ERR4334193,2001.4726901347392
ERR4334194,2360.871591959828
ERR4334195,1979.4907591145093
ERR4334196,2165.194859045208
ERR4334197,2303.0860120979196
ERR4334198,2141.0826587766246
ERR4334199,2073.362343697399
ERR4334200,2217.532993646973
ERR4334201,2314.952512773293
ERR4334202,1891.1574774627659
ERR4334203,1928.8012777731597
ERR4334204,1909.3030428872592
ERR4334205,2152.1882916080012
ERR4334206,2196.3519318226363
ERR4334207,1770.7314344240078
ERR4334208,1981.0420782889055
ERR4334209,2251.1422342974024
ERR4334210,2125.8238164792233
ERR4334211,2188.7516823159613
ERR4334212,2128.9888358695807
ERR4334213,1992.707633044725
ERR4334214,2094.4480193902623
ERR4334215,1963.024799238691
ERR4334216,2491.191524478636
ERR4334217,2036.6273471607194
ERR4334218,1962.8920458299933
ERR4334219,1951.618373776452
ERR4334220,2510.581625539349
ERR4334221,2163.304789519206
ERR4334222,2059.3558613022906
ERR4334223,2173.0715842739546
ERR4334224,2047.579715282532
ERR4334225,2182.609505643599
ERR4334226,2077.5569152185235
ERR4334227,1952.1916435941152
ERR4334228,1960.7476942770636
ERR4334229,2119.2798846464907
ERR4334230,1944.3183241407014
ERR4334231,1780.6636782791236
ERR4334232,2721.559807720671
ERR4334233,2139.80633263492
ERR4334234,1780.2424653146124
ERR4334235,2283.8264291588384
ERR4334236,2047.508930406979
ERR4334237,1923.073270540449
ERR4334238,2170.6043864767917
ERR4334239,1944.0878466011784
ERR4334240,1967.1976337791168
ERR4334241,2052.3188762553013
ERR4334242,1634.283496980678
ERR4334243,2562.7538764689793
ERR4334244,2260.558917909912
ERR4334245,2197.688396577941
ERR4334246,2261.3222111157975
ERR4334247,1996.3776122240242
ERR4334248,2149.2349984810826
ERR4334249,1918.863071823542
ERR4334250,1926.0807010033682
ERR4334251,1818.2493379772734
ERR4334252,2152.1673979965462
ERR4334253,2401.9792016542697
ERR4334254,2132.4634986900255
ERR4334255,2916.6022844720883
ERR4334256,2027.9833289850856
ERR4334257,2193.239824650623
ERR4334258,2589.6015488323724
ERR4334259,2009.9554152545081
ERR4334260,1978.5729459226975
ERR4334261,2298.0432155183726
ERR4334262,2090.340123677204
ERR4334263,2149.2575037810616
ERR4334264,2118.666749195549
ERR4334265,1976.292256907394
ERR4334266,1827.4485801600001
ERR4334267,1786.6829174373922
ERR4334268,2104.313199093552
ERR4335019,2306.511045041455
ERR4335020,2472.137436089403
ERR4335021,2241.687231509387
ERR4335022,2003.9680164039107
ERR4335023,2330.2598179183988
ERR4335024,2443.1505273971384
ERR4335025,1882.752317739354
ERR4335026,2247.2695715401564
ERR4335027,1933.9183813053485
ERR4335028,2085.9768559092404
ERR4335029,1906.329288133461
ERR4335030,2355.363169495638
ERR4335031,1835.4001416941971
ERR4335032,1912.2763440809308
ERR4335033,1936.6025181595999
ERR4335034,2471.060857569367
ERR4335035,2257.9269312469332
ERR4335036,2208.715992814623
ERR4335037,2173.358072910625
ERR4335038,2573.332213783981
ERR4335039,2045.976336256133
ERR4335040,1858.9653578305963
ERR4335041,2867.839299956429
ERR4335042,1939.7998623564213
ERR4335043,1899.9041061271075
ERR4335044,1934.3582459401919
ERR4335045,2011.4926397323873
ERR4335046,2399.9266660033763
ERR4335047,2582.950941244451
ERR4335048,1883.9037323447128
ERR4335049,2106.4093522838357
ERR4335050,2100.5010987491178
ERR4335051,1978.5722045304194
ERR4335052,2061.7222623378148
ERR4335053,2032.5048193037853
ERR4335054,1947.2555903714078
ERR4335055,2013.2958475100254
ERR4335056,2287.054595891197
ERR4335057,1841.4522535739482
ERR4335058,2212.3814473207017
ERR4335059,2093.2080912117362
ERR4335060,2136.5472516925015
ERR4335061,2035.625134244464
ERR4335062,2347.3346929730124
ERR4335063,2414.8710938764507
ERR4335064,2093.9853288805907
ERR4335065,2108.968573711265
ERR4335066,2212.6102676975115
ERR4335067,1957.8084601771113
ERR4335068,2240.424965948507
ERR4335069,2247.465653761035
ERR4335070,2173.864701220985
ERR4335071,2074.2627794301006
ERR4335072,2101.9327993772094
ERR4335073,2020.6901784404968
ERR4335074,2229.94454222254
ERR4335075,2257.870730788483
ERR4335076,2070.5433854972557
ERR4335077,1936.8712321242483
ERR4335078,1926.8879953348899
ERR4335079,2155.4267826693927
ERR4335080,2438.6773928508055
ERR4335081,2385.6886431635007
ERR4335082,2231.7970454856236
ERR4335083,2444.3746279179745
ERR4335084,2277.384413938671
ERR4335085,2114.2365882313716
ERR4335086,2110.421374143371
ERR4335087,2169.2620722913775
ERR4335088,2243.339292702959
ERR4335089,2047.3804446770291
ERR4335090,2011.728360230978
ERR4335091,1833.4695992199265
ERR4335092,2186.169739541547
ERR4335093,2095.315238907446
ERR4335094,2079.3263795898615
ERR4335095,1936.5963826525754
ERR4335096,1913.7044636949693
ERR4335097,1819.5742021284723
ERR4335098,2228.3244991839856
ERR4335099,2044.1805540835269
ERR4335100,1867.4322073203375
ERR4335101,2497.775645276337
ERR4335102,1971.9604072412562
ERR4335103,2026.4356521964387
ERR4335104,2294.829098876015
ERR4335105,2193.9362572222362
ERR4335106,2348.568090634398
ERR4335107,1947.8120065756586
ERR4335108,2011.1529518983969
ERR4335109,1906.0280880162718
ERR4335110,2244.9789498370046
ERR4335111,1940.0680966729087
ERR4335112,1880.7962187177422
ERR4335113,2031.035683249189
ERR4335114,2070.6102571012057
ERR4335115,2070.4858369948975
ERR4335116,2153.8959688419623
ERR4335117,1764.449996209837
ERR4335118,2049.249106493416
ERR4335119,2543.9347648107932
ERR4335120,2045.008020311158
ERR4335121,2074.0065087513053
ERR4335122,1925.1918742010982
ERR4335123,1168.2142784082096
ERR4335124,2127.184765696533
ERR4335125,2332.953331552259
ERR4335126,2726.4760156709967
ERR4335127,2189.925885446586
ERR4335128,2124.5366083344047
ERR4335129,1995.9007938930183
ERR4335130,2385.6436636319772
ERR4335131,2438.714696962873
ERR4335132,1879.06355874967
ERR4335133,1957.2099800382634
ERR4335134,2222.774434058736
ERR4335135,2388.05557030505
ERR4335136,2240.3462999367666
ERR4335137,2001.2729545192346
ERR4335138,2260.412303926133
ERR4335139,2107.944365227801
ERR4335140,1987.0316642875957
ERR4335141,2074.861754275
ERR4335142,2218.4860908095516
ERR4335143,2166.4443761557504
ERR4335144,2169.68430900522
ERR4335145,1946.5731182420502
ERR4335146,2028.2806267173812
ERR4335147,2494.424077618386
ERR4335148,2230.7715476252565
ERR4335149,1807.4642562487766
ERR4335150,2273.284341013077
ERR4335151,2210.8624929966436
ERR4335152,2123.1201689148534
ERR4335153,1977.0599365850853
ERR4335154,2284.6906637139077
ERR4335155,2243.1793618431416
ERR4335156,2219.364769778022
ERR4335157,2231.705835534462
ERR4335158,2035.9988480122634
ERR4335159,2273.5244339177225
ERR4335160,2158.3865723022773
ERR4335161,1943.2451006374242
ERR4335162,2203.8883256046392
ERR4335163,2347.3088845812936
ERR4335164,2022.7732336256993
ERR4335165,2442.3607387367933
ERR4335166,2169.400564941391
ERR4335167,2366.4080019153466
ERR4335168,2187.4483796869545
ERR4335169,2057.8068059574543
ERR4335170,1974.29867283058
ERR4335171,2472.485220956389
ERR4335172,2200.733182736723
ERR4335173,1841.5451296617068
ERR4335174,2188.2903311496966
ERR4335175,1756.4187179841829
ERR4335176,2144.2898553255145
ERR4335177,1934.9320616815028
ERR4335178,1992.870912511967
ERR4335179,2051.748480287454
ERR4335180,2218.6037621791925
ERR4335181,1988.9781738460392
ERR4335182,2128.9795001239436
ERR4335183,2296.2291390693003
ERR4335184,2130.50547608574
ERR4335185,1689.0926704621181
ERR4335186,2034.8344486149733
ERR4335187,2192.0055372172446
ERR4335188,2211.4156355884807
ERR4335189,1910.8458828568941
ERR4335190,2127.280749668808
ERR4335191,1990.0987174990385
ERR4335192,2131.1611298750095
ERR4335193,2209.617927855305
ERR4335194,2256.733032714701
ERR4335195,2387.4981591569394
ERR4335196,2552.9999481402187
ERR4335197,1862.4545657607284
ERR4335198,2222.2198506469813
ERR4335199,2274.5215161196375
ERR4335200,2076.7583467337126
ERR4335201,2226.21293244484
ERR4335202,2410.3250894854887
ERR4335203,1954.5339674757493
ERR4335204,2062.1206879016245
ERR4335205,2118.691019713596
ERR4335206,2104.429628953294
ERR4335207,2397.1282879154737
ERR4335208,2044.3706290465586
ERR4335209,1782.7922594816043
ERR4335210,2325.8047380945054
ERR4335211,1815.5949652786783
ERR4335212,2116.9254574199563
ERR4335213,2153.3590268069456
ERR4335214,1984.333784397423
ERR4335215,2038.3914319857504
ERR4335216,2615.5734378862694
ERR4335217,2559.1424388303176
ERR4335218,2141.7654718522763
ERR4335219,2078.1684545445282
ERR4335220,2035.760648324726
ERR4335221,1991.0058928611124
ERR4335222,1920.0001036944507
ERR4335223,2437.8026562601744
ERR4335224,2090.758654510312
ERR4335225,2070.519210717771
ERR4335226,2560.0062359122726
ERR4335227,2248.6323094603986
ERR4335228,2397.5446743122843
ERR4335229,2220.9857519773973
ERR4335230,1986.3629334232883
ERR4335231,2093.477735589416
ERR4335232,2171.691942382964
ERR4335233,1942.4658176065325
ERR4335234,2126.2763432306215
ERR4335235,2435.2554093843405
ERR4335236,2327.00595310695
ERR4335237,1959.2938631650718
ERR4335238,2282.5841730424554
ERR4335239,1464.9449536301343
ERR4335240,3122.32266355637
ERR4335241,2190.0889016162473
ERR4335242,1579.6693636142932
ERR4335243,2276.026267184943
ERR4335244,1933.4884815861235
ERR4335245,1939.1440109971902
ERR4335246,2163.2441428860984
ERR4335247,2161.627595322815
ERR4335248,2215.2886271869384
ERR4335249,2200.6012700556303
ERR4335250,2117.415080940763
ERR4335251,3168.4022565159694
ERR4335252,2165.7245374038393
ERR4335253,2206.8817010249795
ERR4335254,2084.712674530058
ERR4335255,2065.24403846598
ERR4335256,2036.97086112422
ERR4335257,2296.3911773674345
ERR4335258,2126.5116574725416
ERR4335259,2066.352952432179
ERR4335260,2352.165386378463
ERR4335261,2148.9449153050095
ERR4335262,2439.7827106182444
ERR4335263,2395.4498789401227
ERR4335264,2289.2793389382305
ERR4335265,1967.0059508828424
ERR4335266,2629.8467173847175
ERR4335267,1956.847862090318
ERR4335268,2562.129484013864
ERR4335269,2432.949794481946
ERR4335270,3016.3937470711176
ERR4335271,2848.5809865726333
ERR4335272,2135.338488526972
ERR4335273,1911.1412134466952
ERR4335274,1779.7764828707607
ERR4335275,2151.9251111222866
ERR4335276,2064.8520379927995
ERR4335277,2335.72507988737
ERR4335278,2216.9230421653324
ERR4335279,1719.8790292308877
ERR4335280,2349.9576094080144
ERR4335281,2101.2385482998366
ERR4335282,2164.5949339588874
ERR4335283,1951.8512877845887
ERR4335284,2233.601752033793
ERR4335285,2131.0816836210042
ERR4335286,2180.1597684586695
ERR4335287,2071.3775549262937
ERR4335288,2316.106742133441
ERR4335289,2601.0124777746123
ERR4335290,1985.0657346664611
ERR4335291,2156.762660879862
ERR4335292,2466.2029611727307
ERR4335293,2040.26742134071
ERR4335294,1943.2487507290737
ERR4335295,2126.977060130151
ERR4335296,2099.9254248412512
ERR4335297,2616.77370275701
ERR4335298,2155.2423273664654
ERR4335299,2247.25095502958
ERR4335300,2019.9737682735274
ERR4335301,2101.3111025537773
ERR4335302,2163.8474792948564
ERR4335303,2455.3358499393316
ERR4335304,2230.6226494722578
ERR4335305,2320.9778524823037
ERR4335306,1620.3519332674025
ERR4335307,2098.1465815008846
ERR4335308,2324.1099233378504
ERR4335309,2160.511042265856
ERR4335310,2189.871369169202
ERR4335311,2274.5875355953203
ERR4335312,1989.1583181819121
ERR4335313,2441.3447280720184
ERR4335314,2121.635963994967
ERR4335315,1737.5741362603353
ERR4335316,2310.67422157331
ERR4335317,2026.3258410007202
ERR4335318,2073.621490102996
ERR4341661,1910.8475998163983
ERR4341662,2608.4212292003645
ERR4341663,2088.523555625469
ERR4341664,2183.685886608009
ERR4341665,2260.102548709281
ERR4341666,2182.8640236464103
ERR4341667,1971.449223461551
ERR4341668,2019.2509114293302
ERR4341669,2071.0312998036657
ERR4341670,2229.026245256426
ERR4341671,2073.4088346542817
ERR4341672,2190.9168258236587
ERR4341673,1891.0891772219527
ERR4341674,2116.57618743901
ERR4341675,2377.441092211708
ERR4341676,2003.6448383909337
ERR4341677,2260.300155015208
ERR4341678,2152.4654696859316
ERR4341679,1849.539021619505
ERR4341680,2139.623992507814
ERR4341681,2226.7913814485764
ERR4341682,2043.5858012173767
ERR4341683,2060.6065604296405
ERR4341684,2063.4143096989883
ERR4341685,1915.4680060136425
ERR4341686,1779.338140639055
ERR4341687,2266.0588550668635
ERR4341688,1971.457800142356
ERR4341689,2033.2550902004498
ERR4341690,2019.5526519655402
ERR4341691,2446.8226649463973
ERR4341692,2277.2332219700615
ERR4341693,1847.929431532375
ERR4341694,2089.7461450630058
ERR4341695,2618.370937651805
ERR4341696,1901.0587378536711
ERR4341697,2163.2464599966065
ERR4341698,1645.3162715614571
ERR4341699,1977.2012911580955
ERR4341700,2334.412230176869
ERR4341701,2279.6251647980557
ERR4341702,2166.5892055944187
ERR4341703,2307.992981291832
ERR4341704,2215.4047544310856
ERR4341705,2207.3953901421933
ERR4341706,2334.204413341597
ERR4341707,2795.0119123068534
ERR4341708,2059.4116466634473
ERR4341709,2382.7881795786807
ERR4341710,2015.5325207395858
ERR4341711,2385.829695895309
ERR4341712,2000.7638224199818
ERR4341713,2295.361058072215
ERR4341714,2369.5668939639927
ERR4341715,2300.4785284387826
ERR4341716,2005.911683630738
ERR4341717,2079.917249176252
ERR4341718,2212.090513778988
ERR4341719,2990.606434251461
ERR4341720,1888.1797380020619
ERR4341721,2251.6245025056464
ERR4341722,2068.8589154902143
ERR4341723,2109.523735825236
ERR4341724,2453.5571444939737
ERR4341725,2456.6024631484343
ERR4341726,2181.5717140666993
ERR4341727,2202.8909789133677
ERR4341728,1882.3287379088997
ERR4341729,2302.123450141451
ERR4341730,2509.7587139588127
ERR4341731,2034.0343743988867
ERR4341732,2005.8870300928193
ERR4341733,1951.31719669246
ERR4341734,2132.1451134889135
ERR4341735,1950.7410265693143
ERR4341736,2472.8122126451685
ERR4341737,2120.9934857121293
ERR4341738,2008.4311778779486
ERR4341739,1787.7040786004316
ERR4341740,2054.839938211115
ERR4341741,2176.3071488962614
ERR4341742,2174.019860089589
ERR4341743,2230.747761028164
ERR4341744,1965.865438774315
ERR4341745,2043.8421043078959
ERR4341746,1912.5793141963502
ERR4341747,2085.9066064503018
ERR4341748,1922.9814356854229
ERR4341749,2575.7599156800807
ERR4341750,2250.3932027297933
ERR4341751,1928.4501210714643
ERR4341752,2137.3240162635752
ERR4341753,2062.652116304092
ERR4341754,1922.353249660151
ERR4341755,2277.7632745548826
ERR4341756,1966.1524926766338
ERR4341757,1966.2669673197124
ERR4341758,2457.677124424545
ERR4341759,2086.4420601894017
ERR4341760,1998.5260911167682
ERR4341761,2005.0650234452164
ERR4341762,2007.43343509989
ERR4341763,1931.1259618361735
ERR4341764,2334.2275303968627
ERR4341765,2002.788375506319
ERR4341766,2561.057120017741
ERR4341767,2291.1534449992573
ERR4341768,3120.5016104738643
ERR4341769,2200.4243459139457
ERR4341770,2196.3852178405227
ERR4341771,2623.458556344655
ERR4341772,2227.392774808587
ERR4341773,2197.7271816154207
ERR4341774,2035.7657730866015
ERR4341775,2033.3018906162567
ERR4341776,1965.1008834730621
ERR4341777,2045.4150571337009
ERR4341778,1952.8045786601544
ERR4341779,2300.063985981395
ERR4341780,1893.3680203975946
ERR4341781,2455.902742840608
ERR4341782,2061.976374853763
ERR4341783,2223.2260249151445
ERR4341784,2088.9099349008384
ERR4341785,2147.203147839777
ERR4341786,2085.343924209021
ERR4341787,2248.67763704891
ERR4341788,2366.7039461456216
ERR4341789,2317.4333561686503
ERR4341790,2002.7131091086605
ERR4341791,2042.5457312799324
ERR4341792,2056.4186582357734
ERR4341793,2227.929544371125
ERR4341794,2261.444957651832
ERR4341795,2203.648488472793
ERR4341796,2179.265720635977
ERR4341797,2201.797457622417
ERR4341798,2144.3259861170636
ERR4341799,2043.9944888437265
ERR4341800,2012.1130815080933
ERR4341801,1941.247551085806
ERR4341802,1683.5905725919645
ERR4341803,1307.47478881569
ERR4341804,2022.036887738064
ERR4341805,2065.463828378927
ERR4341806,2104.69986757601
ERR4341807,2087.4528697841133
ERR4341808,2290.0335896683882
ERR4341809,2346.1710769213255
ERR4341810,1686.6676020168763
ERR4341811,1998.2814540056866
ERR4341812,2200.3633665781167
ERR4341813,2664.348184576577
ERR4341814,2076.4370957797296
ERR4341815,2428.5288993495
ERR4341816,2173.4955312597995
ERR4341817,2202.1725760887903
ERR4341818,2333.53884499875
ERR4341819,2405.004152194631
ERR4341820,2418.8895127667097
ERR4341821,2480.2010453010075
ERR4341822,2304.6662321180315
ERR4341823,1952.4672602958592
ERR4341824,2600.25598034289
ERR4341825,2080.3142028761577
ERR4341826,2120.2894080615397
ERR4341827,1960.4155885894631
ERR4341828,1953.1629800036083
ERR4341829,2448.6694318080968
ERR4341830,2378.3275449385715
ERR4341831,2005.6831743289272
ERR4341832,2092.444606773137
ERR4341833,2293.028647449254
ERR4341834,2084.1725473576907
ERR4341835,2440.112376772945
ERR4341836,2253.98614870456
ERR4341837,1888.7522138301051
ERR4341838,2051.662190404417
ERR4341839,2153.1863789634394
ERR4341840,1829.477637142391
ERR4341841,2560.198452466322
ERR4341842,2204.6185959036675
ERR4341843,2276.3070565948537
ERR4341844,2000.4152534683856
ERR4341845,2128.1707887976804
ERR4341846,2082.7861590943685
ERR4341847,1976.3392240099874
ERR4341848,2398.747082192839
ERR4341849,2529.9130409614695
ERR4341850,1951.1409338676406
ERR4341851,2215.4932692765547
ERR4341852,2106.718403477249
ERR4341853,2293.862614068841
ERR4341854,2041.101668593111
ERR4341855,2229.685622392463
ERR4341857,1886.368998461809
ERR4341858,2166.8399271135895
ERR4341859,2277.289514689388
ERR4341860,2690.441765279235
ERR4341861,2230.0391348467647
ERR4341862,2312.223721132789
ERR4341863,1956.9605232397425
ERR4341864,1886.985875063997
ERR4341865,1986.0072254259
ERR4341866,2128.1711809079106
ERR4341867,2299.5866351213995
ERR4341868,2010.1044909981163
ERR4341869,2088.797440568625
ERR4341870,2418.9974374486806
ERR4341871,2076.0025089675287
ERR4341872,2060.5839315451144
ERR4341873,2155.355231183348
ERR4341874,2244.9324546527837
ERR4341875,1867.522905362862
ERR4341876,2111.797899714978
ERR4341877,2025.0432368873255
ERR4341878,2240.667189248844
ERR4341880,2460.2546258187976
ERR4341882,1774.620881313139
ERR4341883,2279.0737991516453
ERR4341884,2435.8624033780893
ERR4341885,2098.754274169337
ERR4341886,1940.742825718387
ERR4341887,1985.3671229498932
ERR4341888,2084.748696244575
ERR4341889,1894.0971685672953
ERR4341890,2050.5299831954508
ERR4341891,1784.5671098395574
ERR4341892,2174.2649879674327
ERR4341893,1981.8271060493923
ERR4341894,2095.2122429122032
ERR4341895,2505.3351994054356
ERR4341896,2159.4923283845405
ERR4341897,2265.7655395705265
ERR4341898,2153.074454007563
ERR4341899,2021.0241126908693
ERR4341900,2334.6949414608403
ERR4341901,2444.7491573016473
ERR4341902,2446.747750408264
ERR4341903,2141.893646292695
ERR4341904,2020.157987137822
ERR4341905,2182.7472596374564
ERR4341906,1961.8015771238288
ERR4341907,2136.9645074318137
ERR4341908,2075.718279214258
ERR4341909,2467.6696785210934
ERR4341910,2144.013534997089
ERR4341911,2311.981297571591
ERR4341912,1940.3087823739838
ERR4341913,1864.8492512303555
ERR4341914,2157.737881594278
ERR4341915,2305.699284268952
ERR4341916,1944.82604289708
ERR4341917,2130.061919594672
ERR4341918,2010.3996146330737
ERR4341919,2272.7020981240776
ERR4341920,1885.900465360201
ERR4341921,2200.1612472472007
ERR4341922,2026.757983675199
ERR4341923,2036.143444289108
ERR4341924,2051.529410700807
ERR4341925,2057.9925780340286
ERR4341926,2244.1552857412353
ERR4341927,2327.3914481320403
ERR4341928,1783.255471825289
ERR4341929,2310.3274029011823
ERR4341930,2040.09783521261
ERR4341931,2219.253371101481
ERR4341932,1992.5368835970564
ERR4341933,2206.950068536743
ERR4341934,1949.5038743606458
ERR4341935,1946.4322336281364
ERR4341936,2091.1200562000336
ERR4341937,2140.6063945029155
ERR4341938,2336.602447276254
ERR4341939,2384.464288109594
ERR4341940,2037.9138311807087
ERR4341941,2166.1840099366063
ERR4341942,2224.701393712752
ERR4341943,2078.019550853358
ERR4341944,2342.229334169876
ERR4341945,2293.39710787234
ERR4341946,2050.6913064939367
ERR4341947,2141.443624192162
ERR4341948,2168.6228584195705
ERR4341949,1832.3458938066503
ERR4341950,1834.8397773366219
ERR4341951,2294.0252125144816
ERR4341952,1693.7834087153667
ERR4341953,2357.3991944327263
ERR4341954,2083.8659143064347
ERR4341955,1342.6518531135973
ERR4341956,2070.0525345528017
ERR4341957,2103.2265403143097
ERR4341958,2108.2583928086524
ERR4341959,2920.7541631282743
ERR7737607,1723.47741355692
ERR7737623,1698.70651431062
ERR7737953,2010.3145612247079
ERR7737954,2024.3134447708437
ERR7737956,2517.5755404745782
ERR7737964,1875.4978929285626
ERR7737965,2003.4509999776467
ERR7737967,1860.9831970608377
ERR7737968,3053.691440045947
ERR7737971,1712.286382446268
ERR7737972,2345.102453262614
ERR7737974,1656.2506059051489
ERR7738141,1734.2436486645654
ERR7738142,1797.8072464260451
ERR7738146,1552.9039580604917
ERR7738148,1832.1704636946963
ERR7738154,1345.191074951292
ERR7738158,1876.3012513614126
ERR7738162,1923.0593124714546
ERR7738163,2125.2819927038827
ERR7738167,2056.1512216627884
ERR7738168,2353.820257942568
ERR7738169,1735.4283363840964
ERR7738170,2672.4080808993913
ERR7738174,2364.276734631859
ERR7738176,1906.9933730631785
ERR7738181,2143.8514073203814
ERR7738184,1696.1114339717753
ERR7738185,2169.3514990961676
ERR7738186,2383.80405995085
ERR7738191,1915.0129213943794
ERR7738192,2237.2675970139285
ERR7738194,2107.0717948078964
ERR7738195,2047.1047018393142
ERR7738196,1979.3289912182877
ERR7738198,1241.7239795302273
ERR7738201,2980.1253423925814
ERR7738202,1799.7771547193115
ERR7738203,1794.1406885546553
ERR7738210,1656.9924931265296
ERR7738211,1775.7957264751863
ERR7738213,2171.5606470869766
ERR7738216,1995.011355370568
ERR7738217,1894.5183533233285
ERR7738218,1805.9249230992725
ERR7738219,1735.1941882678152
ERR7738222,2281.2704904905436
ERR7738223,2184.176357969305
ERR7738224,2098.200476141948
ERR7738227,2065.9214524902104
ERR7738228,851.5815968037574
ERR7738232,2145.9359791589677
ERR7738234,1838.503453102856
ERR7738235,1468.5841829688927
ERR7738240,2530.460038087326
ERR7738241,2581.8179146846733
ERR7738242,2021.5007436877074
ERR7738243,2401.553773864478
ERR7738245,2276.4820060559605
ERR7738247,2706.356829824062
ERR7738248,1934.8203269233672
ERR7738251,2185.788672295954
ERR7738252,2826.4370620168197
ERR7738253,2398.58622752311
ERR7738254,1774.5891671251638
ERR7738257,1753.6441705824761
ERR7738260,2065.3022883295125
ERR7738263,3489.4449229683523
ERR7738268,2376.043625939356
ERR7738271,1942.3903825459197
ERR7738273,2412.7957139161094
ERR7738274,2016.57076922025
ERR7738275,2054.42134012656
ERR7738527,1546.7552953957231
ERR7738557,2216.6525646898576
ERR7738561,1800.1191940556912
ERR7738565,2168.862647634102
ERR7738569,1478.5281474785577
ERR7738591,2091.1551662004404
ERR7738593,2444.2746266680806
ERR7738594,2105.80116515889
ERR7738598,2224.2330133613964
ERR7738600,1756.2201976162028
ERR7738601,2019.0045076950673
ERR7738603,2163.0073869081248
ERR7738608,2460.9434982428597
ERR7738609,2172.6485506274776
ERR7738610,1834.9392210303697
ERR7738611,2182.4232720577074
ERR7738612,2921.8236022493834
ERR7738614,2159.5955216923035
ERR7738616,1723.8369366130325
ERR7738617,1602.6067687245386
ERR7738622,2166.9897915493684
ERR7738623,1955.6578245454773
ERR7738624,2371.1154226410385
ERR7738627,1615.7860905844511
ERR7738630,2586.971430325814
ERR7738631,2628.2026743739807
ERR7738643,2312.282018697266
ERR7738660,2263.0784944435904
ERR7738661,2549.6706946935096
ERR7738957,1943.6911822181498
ERR7738959,2366.9187407750587
ERR7745329,2366.889983209811
ERR7745362,1564.0381479131893
ERR7745371,1941.5963756396627
ERR7745376,4586.664368305777
ERR7745382,1913.89404828256
ERR7745383,2055.9930342016814
ERR7745388,2090.004996719563
ERR7745397,2131.9042063510665
ERR7745398,2515.5015992268177
ERR7745412,2344.681406594801
ERR7745414,2192.3266595161795
ERR7745419,1615.2252035532802
ERR7745423,2302.1978268825924
ERR7745429,2128.0946407388487
ERR7745431,2566.00862365522
ERR7745432,1941.4287359394907
ERR7745539,5513.249606212628
ERR7745556,2458.872530098303
ERR7745559,2054.9951561534076
ERR7745582,1835.5602267002093
ERR7745603,1679.9938657882576
ERR7745614,2344.6849820973293
ERR7745634,5430.082315977748
ERR7745648,2171.4638556452287
ERR7745687,2329.81760171292
ERR7745759,2175.937293064076
ERR7745816,2560.3912092175265
ERR7745823,2156.8498918667683
ERR7745828,1639.4581785152645
ERR7745852,2121.9968416796946
ERR7745854,2271.9046824659986
ERR7745859,2087.870862862556
ERR7745870,2093.397032360504
ERR7745881,2179.444280036716
ERR7745890,2004.939613447189
ERR7745896,2448.6416682827594
ERR7745903,1062.4125962425462
ERR7745906,2258.7235135709175
ERR7745919,2118.842062316196
ERR7745947,2329.7758427177064
ERR7745948,1971.421318702895
ERR7745951,2447.7951709291315
ERR7745953,1612.4022998217029
ERR7745970,2013.0800259586572
ERR7745990,2042.6355638251732
ERR7745994,2459.8373537239218
ERR7746012,1752.6830028727638
ERR7746051,1665.9987136521331
ERR7746094,2184.1396788608135
ERR7746101,2024.9760717775812
ERR7746111,1851.3735485240259
ERR7746113,2240.292398512417
ERR7746144,1579.9523051667459
ERR7746184,2092.2485986285724
ERR7746217,2320.1386546280473
ERR7746219,2199.866198307626
ERR7746398,1733.0004204015013
ERR7746433,1917.4036407065832
ERR7746436,2750.1677167661105
ERR7746440,1849.3767832676094
ERR7746465,1983.4681969746189
ERR7746660,2022.9950239427844
ERR7746688,2242.949089728038
ERR7746692,1828.4150510612747
ERR7746738,2140.6654735369757
ERR7746739,2290.3189981101527
ERR7746741,2215.888702013787
ERR7746742,1802.4141866173413
ERR7746748,2291.5409217495703
ERR7746751,2305.530645954087
ERR7746757,2321.544462766524
ERR7746767,1747.3964634659014
ERR7746785,2035.4398686785994
ERR7747084,2145.5357239681816
ERR7747125,1977.1808365720533
ERR7747128,2263.390289945197
ERR7747140,2377.9906907278078
ERR7747255,1846.241168154667
ERR7747322,1924.5525408325757
ERR7747324,2238.1311246026694
ERR7747394,1871.7054839492764
ERR7747522,1744.7363634964934
SRR17048876,1954.507385345633
SRR17048877,2024.7976298016204
SRR17048878,1785.4202113174672
SRR17048879,1927.0895111988762
SRR17048880,1761.3635165055298
SRR17048881,2363.7051624005157
SRR17048882,1835.9017019212517
SRR17048883,2302.843973135497
SRR17048884,1750.2899292317247
SRR17048885,2603.52648777178
SRR17048886,2202.296980565653
SRR17048887,2384.238630659481
SRR17048888,2146.9633353434065
SRR17048889,1540.0061322260847
SRR17048890,1502.797788323237
SRR17048891,2167.3796571123507
SRR17048892,1605.0637706840844
SRR17048893,2029.3464708480353
SRR17048894,1665.427495550706
SRR17048895,2338.9130894694363
SRR17048896,1971.8867957991126
SRR17048897,2016.8951723807543
SRR17048898,1941.815712988443
SRR17048899,2044.729389052413
SRR17048900,2231.0530387814515
SRR17048901,1912.8340902732966
SRR17048902,3225.0441292660125
SRR17048903,1737.4438029013934
SRR17048904,1757.9964925170038
SRR17048905,1749.8987840673792
SRR17048906,2032.291616723638
SRR17048907,1769.8047927394546
SRR17048908,1841.3356072103609
SRR17048909,1890.424065385697
SRR17048910,2109.074644532674
SRR17048911,2036.0057151144579
SRR17048912,2305.4728932329267
SRR17048913,1803.6385705445334
SRR17048914,1767.1289145868986
SRR17048915,1962.7988130092172
SRR17048916,1872.8863914678827
SRR17048917,1995.3992988582306
SRR17048918,2042.4656732419496
SRR17048919,1888.787740049371
SRR17048920,2154.9949392332182
SRR17048921,1959.6263946093165
SRR17048922,1938.7778454905836
SRR17048923,1697.7102962676943
SRR17048924,2189.672304073833
SRR17048925,2295.6380698424555
SRR17048926,2309.769539596216
SRR17048927,1833.5195432728435
SRR17048928,2148.348111129926
SRR17048929,1995.0315844046143
SRR17048930,2041.3791337796401
SRR17048931,1919.9208051440776
SRR17048932,1959.2608112389073
SRR17048933,2151.961182208243
SRR17048934,2007.460436078487
SRR17048935,2245.253473689035
SRR17048936,1753.4220305383374
SRR17048937,1864.2864734690247
SRR17048938,1886.8042510363307
SRR17048939,1873.1005617751289
SRR17048940,2230.4939933974692
SRR17048941,2115.9721239891473
SRR17048942,2083.20966865522
SRR17048943,1804.8066630806443
SRR17048944,1771.3668748507803
SRR17048945,1951.210090356388
SRR17048946,1978.20925478205
SRR17048947,1706.4161057824874
SRR17048948,1843.4574271026072
SRR17048949,1844.5456831072725
SRR17048950,2083.994604912217
SRR17048951,2003.0204767676778
SRR17048952,2139.447291335879
SRR17048953,1370.6748744186978
SRR17048954,1893.6040196746583
SRR17048955,1999.6755658266964
SRR17048956,2351.79847541016
SRR17048957,1807.705992812803
SRR17048958,1939.7085490982047
SRR17048959,2175.490498631099
SRR17048960,2062.5252650790667
SRR17048961,1506.0075595579146
SRR17048962,1676.989026871713
SRR17048963,2106.028476415437
SRR17048964,2263.187991302241
SRR17048965,2199.190507174795
SRR17048966,1806.0944085138317
SRR17048967,2179.4304156751446
SRR17048968,2019.0800433622544
SRR17048969,1836.6834982319708
SRR17048970,1685.4231752585824
SRR17048971,2155.3549920495243
SRR17048972,1900.9480422422714
SRR17048973,1708.8497250969413
SRR17048974,1721.329263848312
SRR17048975,1719.2443656461542
SRR17048976,2572.608082693972
SRR17048977,1961.3460939266595
SRR17048978,1586.3108058348246
SRR17048979,1633.3724945490062
SRR17048980,2051.1652890416967
SRR17048981,1899.4285445895557
SRR17048982,1797.3848946304772
SRR17048983,1979.6557809642907
SRR17048984,1803.111267909018
SRR17048985,1615.035440519802
SRR17048986,1999.7535983766238
SRR17048987,2100.9463786195424
SRR17048988,1925.4612413336401
SRR17048989,2157.1928602164844
SRR17048990,1745.9331341441384
SRR17048991,1260.7730542594938
SRR17048992,1499.1985746554958
SRR17048993,1814.820116951434
SRR17048994,1635.489006354755
SRR17048995,1662.4057357464374
SRR17048996,2353.889949204785
SRR17048997,1666.147809457296
SRR17048998,2304.9237340231957
SRR17048999,2034.2891486063145
SRR17049000,2171.310690966963
SRR17049001,1653.8243575400197
SRR17049002,2022.660466827645
SRR17049003,2116.1708905727432
SRR17049004,1874.2933880216713
SRR17049005,2098.6593720579153
SRR17049006,1818.9662613083744
SRR17049007,1771.756672655808
SRR17049008,1985.4214045556678
SRR17049009,1650.436483224171
SRR17049010,1773.0798921312605
SRR17049011,1822.7968380648206
SRR17049012,2367.9259304761026
SRR17049013,2358.140113755527
SRR17049014,3441.145614315029
SRR17049015,1549.096412366623
SRR17049016,1492.5001957795869
SRR17049017,1707.9114062126873
SRR17049018,1867.058003692924
SRR17049019,1697.7759387675171
SRR17049020,1787.7237749023295
SRR17049021,1638.2210477005249
SRR17049022,1566.1080928729966
SRR17049023,1560.6967253535
SRR17049024,2095.0835690420527
SRR17049025,1797.6282003306064
SRR17049026,1856.5056246230108
SRR17049027,1609.791187807389
SRR17049028,2293.272849168559
SRR17049029,1961.6585230351338
SRR17049030,1697.4023726497019
SRR17049031,1871.66098529447
SRR17049032,2210.8890995133374
SRR17049033,1737.507573762272
SRR17049034,2270.885806103187
SRR17049035,2070.878363872799
SRR17049036,1765.94875078448
SRR17049037,2101.327260205546
SRR17049038,1980.3506133218013
SRR17049039,1870.209698914751
SRR17049040,2831.187267637374
SRR17049041,1877.8913038026274
SRR17049042,2170.2414364153315
SRR17049043,1898.381803156708
SRR17049044,1807.578719878659
SRR1761667,1995.835395673445
SRR1761668,1992.3010354711566
SRR1761669,1789.2417373195974
SRR1761670,1807.440920327306
SRR1761671,1962.5993880606584
SRR1761672,1794.3677072184203
SRR1761673,1845.072554667046
SRR1761675,1824.3726248446117
SRR1761676,2796.1948346848476
SRR1761677,1955.655534988388
SRR1761678,1908.148429733267
SRR1761679,2162.2412681867954
SRR1761680,2131.7664616828897
SRR1761681,2157.8361271606973
SRR1761682,2190.118968616415
SRR1761683,2088.3714486514286
SRR1761684,2219.1676869564544
SRR1761685,2081.221398497045
SRR1761686,2148.1113656981224
SRR1761687,2139.0668980862556
SRR1761689,1896.0457869137742
SRR1761690,2386.5153618523414
SRR1761693,2464.6772858846234
SRR1761694,1812.3548206969497
SRR1761695,1935.621204255095
SRR1761696,2161.277954388759
SRR1761697,2355.7973340688686
SRR1761698,1813.7614698801947
SRR1761699,2115.138215879036
SRR1761703,1834.8635363520254
SRR1761704,1797.548750142458
SRR1761708,1950.921742158434
SRR1761709,2279.0043353131946
SRR1761711,2061.5669171494837
SRR1761712,2474.6862403385944
SRR1761716,2117.405733510025
SRR1761717,2162.8431604356065
SRR1927149,1733.025091632292
SRR1929408,2089.2968186484354
SRR1929484,1872.284181073173
SRR1929485,1942.568938142587
SRR1929563,1843.3446230658951
SRR1929574,1773.7595066498964
SRR1930121,1878.0576639957555
SRR1930122,1718.4253632013363
SRR1930123,1721.6672302200002
SRR1930128,2129.3728397856157
SRR1930132,1536.4294739300835
SRR1930133,1615.2372175496914
SRR1930134,1990.2358920897288
SRR1930136,1662.5435275292598
SRR1930138,1503.0488746682847
SRR1930140,1616.1015556264829
SRR1930141,1981.9187309165397
SRR1930142,1618.8728423478713
SRR1930143,1802.8069492012517
SRR1930144,1755.0918297484177
SRR1930145,1749.906651905837
SRR1930149,1732.541357589195
SRR1930176,1639.5618725711709
SRR1930177,1500.8529382095805
SRR1930179,2099.208754876638
SRR1930187,1876.4108756157837
SRR1930244,2010.2070161661047
SRR1930247,1357.460636323383
SRR1930248,1859.045078939373
SRR1930250,1273.1344321575243
SRR1930251,1822.1271979814774
SRR1930253,1661.0472587495074
SRR1930255,1757.9011914458772
SRR1930777,952.2841756988994
SRR1931170,1751.632647555148
SRR1931173,1822.5476555356943
SRR1931177,1448.482192512685
SRR1931178,2064.474104378878
