ID,Paper,Spots,Country,Latitude,Longitude,URCA
ERR4330026,Asnicar,27610920,USA,42.361145,-71.057083,2
ERR4330027,Asnicar,27778032,United Kingdom,51.509865,-0.118092,1
ERR4330028,Asnicar,26988304,USA,42.361145,-71.057083,2
ERR4330029,Asnicar,32815653,United Kingdom,51.509865,-0.118092,1
ERR4330030,Asnicar,31730055,United Kingdom,51.509865,-0.118092,1
ERR4330031,Asnicar,22749095,United Kingdom,51.509865,-0.118092,1
ERR4330032,Asnicar,26670352,United Kingdom,51.509865,-0.118092,1
ERR4330033,Asnicar,31112940,United Kingdom,51.509865,-0.118092,1
ERR4330034,Asnicar,24163782,United Kingdom,51.509865,-0.118092,1
ERR4330035,Asnicar,31729632,United Kingdom,51.509865,-0.118092,1
ERR4330036,Asnicar,27376285,United Kingdom,51.509865,-0.118092,1
ERR4330037,Asnicar,25662933,United Kingdom,51.509865,-0.118092,1
ERR4330038,Asnicar,47363163,United Kingdom,51.509865,-0.118092,1
ERR4330039,Asnicar,25856426,United Kingdom,51.509865,-0.118092,1
ERR4330040,Asnicar,25720125,United Kingdom,51.509865,-0.118092,1
ERR4330041,Asnicar,25830322,United Kingdom,51.509865,-0.118092,1
ERR4330042,Asnicar,25406116,United Kingdom,51.509865,-0.118092,1
ERR4330043,Asnicar,25636621,United Kingdom,51.509865,-0.118092,1
ERR4330044,Asnicar,24935884,United Kingdom,51.509865,-0.118092,1
ERR4330045,Asnicar,32753094,United Kingdom,51.509865,-0.118092,1
ERR4330046,Asnicar,34241127,USA,42.361145,-71.057083,2
ERR4330047,Asnicar,23478907,United Kingdom,51.509865,-0.118092,1
ERR4330048,Asnicar,39758758,USA,42.361145,-71.057083,2
ERR4330049,Asnicar,24112922,United Kingdom,51.509865,-0.118092,1
ERR4330050,Asnicar,26526849,United Kingdom,51.509865,-0.118092,1
ERR4330051,Asnicar,30915420,United Kingdom,51.509865,-0.118092,1
ERR4330052,Asnicar,26825558,United Kingdom,51.509865,-0.118092,1
ERR4330053,Asnicar,25227343,United Kingdom,51.509865,-0.118092,1
ERR4330054,Asnicar,26316302,United Kingdom,51.509865,-0.118092,1
ERR4330055,Asnicar,33865589,United Kingdom,51.509865,-0.118092,1
ERR4330056,Asnicar,36791719,United Kingdom,51.509865,-0.118092,1
ERR4330057,Asnicar,52403391,United Kingdom,51.509865,-0.118092,1
ERR4330058,Asnicar,38077537,United Kingdom,51.509865,-0.118092,1
ERR4330059,Asnicar,39965006,United Kingdom,51.509865,-0.118092,1
ERR4330060,Asnicar,27024246,United Kingdom,51.509865,-0.118092,1
ERR4330061,Asnicar,30130517,United Kingdom,51.509865,-0.118092,1
ERR4330062,Asnicar,24280389,United Kingdom,51.509865,-0.118092,1
ERR4330063,Asnicar,34498576,USA,42.361145,-71.057083,2
ERR4330064,Asnicar,29355588,United Kingdom,51.509865,-0.118092,1
ERR4330065,Asnicar,23919416,United Kingdom,51.509865,-0.118092,1
ERR4330066,Asnicar,24776080,United Kingdom,51.509865,-0.118092,1
ERR4330067,Asnicar,27633450,United Kingdom,51.509865,-0.118092,1
ERR4330068,Asnicar,23301264,United Kingdom,51.509865,-0.118092,1
ERR4330069,Asnicar,24769897,United Kingdom,51.509865,-0.118092,1
ERR4330070,Asnicar,25816271,United Kingdom,51.509865,-0.118092,1
ERR4330071,Asnicar,25282434,USA,42.361145,-71.057083,2
ERR4330072,Asnicar,29967786,USA,42.361145,-71.057083,2
ERR4330073,Asnicar,30823848,United Kingdom,51.509865,-0.118092,1
ERR4330074,Asnicar,25879864,United Kingdom,51.509865,-0.118092,1
ERR4330075,Asnicar,27386839,United Kingdom,51.509865,-0.118092,1
ERR4330076,Asnicar,33002406,United Kingdom,51.509865,-0.118092,1
ERR4330077,Asnicar,25551965,United Kingdom,51.509865,-0.118092,1
ERR4330078,Asnicar,25545903,United Kingdom,51.509865,-0.118092,1
ERR4330079,Asnicar,27936358,United Kingdom,51.509865,-0.118092,1
ERR4330080,Asnicar,24840855,United Kingdom,51.509865,-0.118092,1
ERR4330081,Asnicar,34300722,United Kingdom,51.509865,-0.118092,1
ERR4330082,Asnicar,29393185,United Kingdom,51.509865,-0.118092,1
ERR4330083,Asnicar,26676740,United Kingdom,51.509865,-0.118092,1
ERR4330084,Asnicar,31084504,USA,42.361145,-71.057083,2
ERR4330085,Asnicar,25085326,United Kingdom,51.509865,-0.118092,1
ERR4330086,Asnicar,26132846,United Kingdom,51.509865,-0.118092,1
ERR4330087,Asnicar,24973531,United Kingdom,51.509865,-0.118092,1
ERR4330088,Asnicar,29161709,United Kingdom,51.509865,-0.118092,1
ERR4330089,Asnicar,25897128,USA,42.361145,-71.057083,2
ERR4330090,Asnicar,24790294,United Kingdom,51.509865,-0.118092,1
ERR4330091,Asnicar,28288932,United Kingdom,51.509865,-0.118092,1
ERR4330092,Asnicar,26024667,United Kingdom,51.509865,-0.118092,1
ERR4330093,Asnicar,24269117,United Kingdom,51.509865,-0.118092,1
ERR4330094,Asnicar,26800353,United Kingdom,51.509865,-0.118092,1
ERR4330095,Asnicar,27919641,United Kingdom,51.509865,-0.118092,1
ERR4330096,Asnicar,29555649,United Kingdom,51.509865,-0.118092,1
ERR4330097,Asnicar,26511577,United Kingdom,51.509865,-0.118092,1
ERR4330098,Asnicar,28680003,United Kingdom,51.509865,-0.118092,1
ERR4330099,Asnicar,45164410,United Kingdom,51.509865,-0.118092,1
ERR4330100,Asnicar,26329746,United Kingdom,51.509865,-0.118092,1
ERR4330101,Asnicar,25740230,United Kingdom,51.509865,-0.118092,1
ERR4330102,Asnicar,24887991,United Kingdom,51.509865,-0.118092,1
ERR4330103,Asnicar,22936237,United Kingdom,51.509865,-0.118092,1
ERR4330104,Asnicar,23850487,United Kingdom,51.509865,-0.118092,1
ERR4330105,Asnicar,26223474,United Kingdom,51.509865,-0.118092,1
ERR4330106,Asnicar,27472392,USA,42.361145,-71.057083,2
ERR4330107,Asnicar,23600363,United Kingdom,51.509865,-0.118092,1
ERR4330108,Asnicar,27569812,United Kingdom,51.509865,-0.118092,1
ERR4330109,Asnicar,24496518,USA,42.361145,-71.057083,2
ERR4330110,Asnicar,28648592,United Kingdom,51.509865,-0.118092,1
ERR4330111,Asnicar,25841288,USA,42.361145,-71.057083,2
ERR4330112,Asnicar,25245171,United Kingdom,51.509865,-0.118092,1
ERR4330113,Asnicar,21269684,United Kingdom,51.509865,-0.118092,1
ERR4330114,Asnicar,25135693,United Kingdom,51.509865,-0.118092,1
ERR4330115,Asnicar,33549189,United Kingdom,51.509865,-0.118092,1
ERR4330116,Asnicar,22828151,United Kingdom,51.509865,-0.118092,1
ERR4330117,Asnicar,26501517,United Kingdom,51.509865,-0.118092,1
ERR4330118,Asnicar,26790455,United Kingdom,51.509865,-0.118092,1
ERR4330119,Asnicar,28758810,United Kingdom,51.509865,-0.118092,1
ERR4330120,Asnicar,28247602,United Kingdom,51.509865,-0.118092,1
ERR4330121,Asnicar,27931278,United Kingdom,51.509865,-0.118092,1
ERR4330122,Asnicar,23815729,United Kingdom,51.509865,-0.118092,1
ERR4330123,Asnicar,24314773,United Kingdom,51.509865,-0.118092,1
ERR4330124,Asnicar,31860041,United Kingdom,51.509865,-0.118092,1
ERR4333869,Asnicar,26658270,United Kingdom,51.509865,-0.118092,1
ERR4333870,Asnicar,24493124,United Kingdom,51.509865,-0.118092,1
ERR4333871,Asnicar,29725654,United Kingdom,51.509865,-0.118092,1
ERR4333872,Asnicar,24776993,United Kingdom,51.509865,-0.118092,1
ERR4333873,Asnicar,25494299,United Kingdom,51.509865,-0.118092,1
ERR4333874,Asnicar,20743002,United Kingdom,51.509865,-0.118092,1
ERR4333875,Asnicar,23694630,United Kingdom,51.509865,-0.118092,1
ERR4333876,Asnicar,26372458,United Kingdom,51.509865,-0.118092,1
ERR4333877,Asnicar,32377839,United Kingdom,51.509865,-0.118092,1
ERR4333878,Asnicar,27965897,United Kingdom,51.509865,-0.118092,1
ERR4333879,Asnicar,28261162,USA,42.361145,-71.057083,2
ERR4333880,Asnicar,26184882,United Kingdom,51.509865,-0.118092,1
ERR4333881,Asnicar,26114446,USA,42.361145,-71.057083,2
ERR4333882,Asnicar,25263857,United Kingdom,51.509865,-0.118092,1
ERR4333883,Asnicar,23975880,United Kingdom,51.509865,-0.118092,1
ERR4333884,Asnicar,25264221,United Kingdom,51.509865,-0.118092,1
ERR4333885,Asnicar,22317930,United Kingdom,51.509865,-0.118092,1
ERR4333886,Asnicar,25649961,USA,42.361145,-71.057083,2
ERR4333887,Asnicar,25687498,United Kingdom,51.509865,-0.118092,1
ERR4333888,Asnicar,24860768,United Kingdom,51.509865,-0.118092,1
ERR4333889,Asnicar,42470096,United Kingdom,51.509865,-0.118092,1
ERR4333890,Asnicar,31515299,United Kingdom,51.509865,-0.118092,1
ERR4333891,Asnicar,37104081,United Kingdom,51.509865,-0.118092,1
ERR4333892,Asnicar,23290754,United Kingdom,51.509865,-0.118092,1
ERR4333893,Asnicar,32736477,United Kingdom,51.509865,-0.118092,1
ERR4333894,Asnicar,24797637,United Kingdom,51.509865,-0.118092,1
ERR4333895,Asnicar,31401620,United Kingdom,51.509865,-0.118092,1
ERR4333896,Asnicar,25330055,United Kingdom,51.509865,-0.118092,1
ERR4333897,Asnicar,28517059,United Kingdom,51.509865,-0.118092,1
ERR4333898,Asnicar,25721914,United Kingdom,51.509865,-0.118092,1
ERR4333899,Asnicar,24014621,United Kingdom,51.509865,-0.118092,1
ERR4333900,Asnicar,24882710,United Kingdom,51.509865,-0.118092,1
ERR4333901,Asnicar,29053711,United Kingdom,51.509865,-0.118092,1
ERR4333902,Asnicar,36409388,United Kingdom,51.509865,-0.118092,1
ERR4333903,Asnicar,33672820,United Kingdom,51.509865,-0.118092,1
ERR4333904,Asnicar,24338250,USA,42.361145,-71.057083,2
ERR4333905,Asnicar,24716243,United Kingdom,51.509865,-0.118092,1
ERR4333906,Asnicar,24136015,United Kingdom,51.509865,-0.118092,1
ERR4333907,Asnicar,34127391,United Kingdom,51.509865,-0.118092,1
ERR4333908,Asnicar,27113634,United Kingdom,51.509865,-0.118092,1
ERR4333909,Asnicar,45729590,United Kingdom,51.509865,-0.118092,1
ERR4333910,Asnicar,26136024,USA,42.361145,-71.057083,2
ERR4333911,Asnicar,31879310,United Kingdom,51.509865,-0.118092,1
ERR4333912,Asnicar,24315938,United Kingdom,51.509865,-0.118092,1
ERR4333913,Asnicar,23580167,United Kingdom,51.509865,-0.118092,1
ERR4333914,Asnicar,35627587,United Kingdom,51.509865,-0.118092,1
ERR4333915,Asnicar,26630276,United Kingdom,51.509865,-0.118092,1
ERR4333916,Asnicar,29385069,United Kingdom,51.509865,-0.118092,1
ERR4333917,Asnicar,25590085,United Kingdom,51.509865,-0.118092,1
ERR4333918,Asnicar,24570512,United Kingdom,51.509865,-0.118092,1
ERR4333919,Asnicar,24535385,United Kingdom,51.509865,-0.118092,1
ERR4333920,Asnicar,28817360,United Kingdom,51.509865,-0.118092,1
ERR4333921,Asnicar,24192778,United Kingdom,51.509865,-0.118092,1
ERR4333922,Asnicar,22854755,United Kingdom,51.509865,-0.118092,1
ERR4333923,Asnicar,22915940,United Kingdom,51.509865,-0.118092,1
ERR4333924,Asnicar,24483963,United Kingdom,51.509865,-0.118092,1
ERR4333925,Asnicar,32323700,United Kingdom,51.509865,-0.118092,1
ERR4333926,Asnicar,28809706,United Kingdom,51.509865,-0.118092,1
ERR4333927,Asnicar,37524241,USA,42.361145,-71.057083,2
ERR4333928,Asnicar,25817632,United Kingdom,51.509865,-0.118092,1
ERR4333929,Asnicar,23462543,United Kingdom,51.509865,-0.118092,1
ERR4333930,Asnicar,27548827,United Kingdom,51.509865,-0.118092,1
ERR4333931,Asnicar,26942198,United Kingdom,51.509865,-0.118092,1
ERR4333932,Asnicar,30197117,United Kingdom,51.509865,-0.118092,1
ERR4333933,Asnicar,29545996,United Kingdom,51.509865,-0.118092,1
ERR4333934,Asnicar,27031213,United Kingdom,51.509865,-0.118092,1
ERR4333935,Asnicar,23872598,United Kingdom,51.509865,-0.118092,1
ERR4333936,Asnicar,34393565,USA,42.361145,-71.057083,2
ERR4333937,Asnicar,24090381,United Kingdom,51.509865,-0.118092,1
ERR4333938,Asnicar,29322004,United Kingdom,51.509865,-0.118092,1
ERR4333939,Asnicar,26900634,United Kingdom,51.509865,-0.118092,1
ERR4333940,Asnicar,25339899,United Kingdom,51.509865,-0.118092,1
ERR4333941,Asnicar,27855131,USA,42.361145,-71.057083,2
ERR4333942,Asnicar,28362482,United Kingdom,51.509865,-0.118092,1
ERR4333943,Asnicar,24126556,United Kingdom,51.509865,-0.118092,1
ERR4333944,Asnicar,36675817,United Kingdom,51.509865,-0.118092,1
ERR4333945,Asnicar,61552128,United Kingdom,51.509865,-0.118092,1
ERR4333946,Asnicar,45459470,United Kingdom,51.509865,-0.118092,1
ERR4333947,Asnicar,26974049,United Kingdom,51.509865,-0.118092,1
ERR4333948,Asnicar,30844636,USA,42.361145,-71.057083,2
ERR4333949,Asnicar,35111503,United Kingdom,51.509865,-0.118092,1
ERR4333950,Asnicar,27411111,United Kingdom,51.509865,-0.118092,1
ERR4333951,Asnicar,29807693,United Kingdom,51.509865,-0.118092,1
ERR4333952,Asnicar,27935247,United Kingdom,51.509865,-0.118092,1
ERR4333953,Asnicar,28304291,United Kingdom,51.509865,-0.118092,1
ERR4333954,Asnicar,24836259,United Kingdom,51.509865,-0.118092,1
ERR4333955,Asnicar,28857438,United Kingdom,51.509865,-0.118092,1
ERR4333956,Asnicar,23097483,United Kingdom,51.509865,-0.118092,1
ERR4333957,Asnicar,25453569,United Kingdom,51.509865,-0.118092,1
ERR4333958,Asnicar,25075412,USA,42.361145,-71.057083,2
ERR4333959,Asnicar,39852494,United Kingdom,51.509865,-0.118092,1
ERR4333960,Asnicar,35381107,United Kingdom,51.509865,-0.118092,1
ERR4333961,Asnicar,24384124,USA,42.361145,-71.057083,2
ERR4333962,Asnicar,35812791,USA,42.361145,-71.057083,2
ERR4333963,Asnicar,23971470,United Kingdom,51.509865,-0.118092,1
ERR4333964,Asnicar,20796192,United Kingdom,51.509865,-0.118092,1
ERR4333965,Asnicar,41073090,United Kingdom,51.509865,-0.118092,1
ERR4333966,Asnicar,27226373,United Kingdom,51.509865,-0.118092,1
ERR4333967,Asnicar,23563500,United Kingdom,51.509865,-0.118092,1
ERR4333968,Asnicar,28515390,United Kingdom,51.509865,-0.118092,1
ERR4333969,Asnicar,28910042,United Kingdom,51.509865,-0.118092,1
ERR4333970,Asnicar,38638976,United Kingdom,51.509865,-0.118092,1
ERR4333971,Asnicar,25411351,United Kingdom,51.509865,-0.118092,1
ERR4333972,Asnicar,32616790,United Kingdom,51.509865,-0.118092,1
ERR4333973,Asnicar,28361169,United Kingdom,51.509865,-0.118092,1
ERR4333974,Asnicar,29314737,United Kingdom,51.509865,-0.118092,1
ERR4333975,Asnicar,26289279,United Kingdom,51.509865,-0.118092,1
ERR4333976,Asnicar,33254434,United Kingdom,51.509865,-0.118092,1
ERR4333977,Asnicar,26204238,United Kingdom,51.509865,-0.118092,1
ERR4333978,Asnicar,28099468,United Kingdom,51.509865,-0.118092,1
ERR4333979,Asnicar,26813017,United Kingdom,51.509865,-0.118092,1
ERR4333980,Asnicar,23607808,United Kingdom,51.509865,-0.118092,1
ERR4333981,Asnicar,56509476,United Kingdom,51.509865,-0.118092,1
ERR4333982,Asnicar,32054431,United Kingdom,51.509865,-0.118092,1
ERR4333983,Asnicar,33345272,United Kingdom,51.509865,-0.118092,1
ERR4333984,Asnicar,27267795,United Kingdom,51.509865,-0.118092,1
ERR4333985,Asnicar,34278678,United Kingdom,51.509865,-0.118092,1
ERR4333986,Asnicar,24371895,United Kingdom,51.509865,-0.118092,1
ERR4333987,Asnicar,25458185,United Kingdom,51.509865,-0.118092,1
ERR4333988,Asnicar,25969417,United Kingdom,51.509865,-0.118092,1
ERR4333989,Asnicar,23868051,United Kingdom,51.509865,-0.118092,1
ERR4333990,Asnicar,26029301,United Kingdom,51.509865,-0.118092,1
ERR4333991,Asnicar,25753403,USA,42.361145,-71.057083,2
ERR4333992,Asnicar,25522635,United Kingdom,51.509865,-0.118092,1
ERR4333993,Asnicar,46740945,United Kingdom,51.509865,-0.118092,1
ERR4333994,Asnicar,23300356,United Kingdom,51.509865,-0.118092,1
ERR4333995,Asnicar,28086909,United Kingdom,51.509865,-0.118092,1
ERR4333996,Asnicar,33918945,United Kingdom,51.509865,-0.118092,1
ERR4333997,Asnicar,33123829,United Kingdom,51.509865,-0.118092,1
ERR4333998,Asnicar,39372716,United Kingdom,51.509865,-0.118092,1
ERR4333999,Asnicar,23234797,United Kingdom,51.509865,-0.118092,1
ERR4334000,Asnicar,30453464,United Kingdom,51.509865,-0.118092,1
ERR4334001,Asnicar,32280609,United Kingdom,51.509865,-0.118092,1
ERR4334002,Asnicar,31496131,United Kingdom,51.509865,-0.118092,1
ERR4334003,Asnicar,26737650,United Kingdom,51.509865,-0.118092,1
ERR4334004,Asnicar,25089527,United Kingdom,51.509865,-0.118092,1
ERR4334005,Asnicar,21293365,United Kingdom,51.509865,-0.118092,1
ERR4334006,Asnicar,24749702,United Kingdom,51.509865,-0.118092,1
ERR4334007,Asnicar,34234787,United Kingdom,51.509865,-0.118092,1
ERR4334008,Asnicar,30094342,United Kingdom,51.509865,-0.118092,1
ERR4334009,Asnicar,22580567,United Kingdom,51.509865,-0.118092,1
ERR4334010,Asnicar,23555488,United Kingdom,51.509865,-0.118092,1
ERR4334011,Asnicar,25802629,United Kingdom,51.509865,-0.118092,1
ERR4334012,Asnicar,33286195,United Kingdom,51.509865,-0.118092,1
ERR4334013,Asnicar,29990968,United Kingdom,51.509865,-0.118092,1
ERR4334014,Asnicar,25765538,United Kingdom,51.509865,-0.118092,1
ERR4334015,Asnicar,26883482,USA,42.361145,-71.057083,2
ERR4334016,Asnicar,26618717,United Kingdom,51.509865,-0.118092,1
ERR4334017,Asnicar,35075606,USA,42.361145,-71.057083,2
ERR4334018,Asnicar,36257737,United Kingdom,51.509865,-0.118092,1
ERR4334019,Asnicar,23064368,United Kingdom,51.509865,-0.118092,1
ERR4334020,Asnicar,41917426,United Kingdom,51.509865,-0.118092,1
ERR4334021,Asnicar,23668132,United Kingdom,51.509865,-0.118092,1
ERR4334022,Asnicar,36415279,United Kingdom,51.509865,-0.118092,1
ERR4334023,Asnicar,29833154,United Kingdom,51.509865,-0.118092,1
ERR4334024,Asnicar,37452534,United Kingdom,51.509865,-0.118092,1
ERR4334025,Asnicar,24704360,United Kingdom,51.509865,-0.118092,1
ERR4334026,Asnicar,24488730,United Kingdom,51.509865,-0.118092,1
ERR4334027,Asnicar,23633281,United Kingdom,51.509865,-0.118092,1
ERR4334028,Asnicar,25251568,United Kingdom,51.509865,-0.118092,1
ERR4334029,Asnicar,26748002,United Kingdom,51.509865,-0.118092,1
ERR4334030,Asnicar,29335042,United Kingdom,51.509865,-0.118092,1
ERR4334031,Asnicar,27043048,United Kingdom,51.509865,-0.118092,1
ERR4334032,Asnicar,28678324,United Kingdom,51.509865,-0.118092,1
ERR4334033,Asnicar,23700738,United Kingdom,51.509865,-0.118092,1
ERR4334034,Asnicar,27132339,United Kingdom,51.509865,-0.118092,1
ERR4334035,Asnicar,27431478,United Kingdom,51.509865,-0.118092,1
ERR4334036,Asnicar,31691628,United Kingdom,51.509865,-0.118092,1
ERR4334037,Asnicar,25960105,United Kingdom,51.509865,-0.118092,1
ERR4334038,Asnicar,26615736,United Kingdom,51.509865,-0.118092,1
ERR4334039,Asnicar,24082638,United Kingdom,51.509865,-0.118092,1
ERR4334040,Asnicar,37191397,United Kingdom,51.509865,-0.118092,1
ERR4334041,Asnicar,51639142,United Kingdom,51.509865,-0.118092,1
ERR4334042,Asnicar,23034083,United Kingdom,51.509865,-0.118092,1
ERR4334043,Asnicar,28951894,United Kingdom,51.509865,-0.118092,1
ERR4334044,Asnicar,36049900,USA,42.361145,-71.057083,2
ERR4334045,Asnicar,29432338,United Kingdom,51.509865,-0.118092,1
ERR4334046,Asnicar,23366862,United Kingdom,51.509865,-0.118092,1
ERR4334047,Asnicar,17166933,United Kingdom,51.509865,-0.118092,1
ERR4334048,Asnicar,30475232,United Kingdom,51.509865,-0.118092,1
ERR4334049,Asnicar,26116540,United Kingdom,51.509865,-0.118092,1
ERR4334050,Asnicar,44385534,United Kingdom,51.509865,-0.118092,1
ERR4334051,Asnicar,30056608,United Kingdom,51.509865,-0.118092,1
ERR4334052,Asnicar,30474528,United Kingdom,51.509865,-0.118092,1
ERR4334053,Asnicar,26435964,United Kingdom,51.509865,-0.118092,1
ERR4334054,Asnicar,30523840,United Kingdom,51.509865,-0.118092,1
ERR4334055,Asnicar,26516710,United Kingdom,51.509865,-0.118092,1
ERR4334056,Asnicar,35069400,United Kingdom,51.509865,-0.118092,1
ERR4334057,Asnicar,29396044,United Kingdom,51.509865,-0.118092,1
ERR4334058,Asnicar,27094479,United Kingdom,51.509865,-0.118092,1
ERR4334059,Asnicar,28413845,United Kingdom,51.509865,-0.118092,1
ERR4334060,Asnicar,31412097,United Kingdom,51.509865,-0.118092,1
ERR4334061,Asnicar,49451136,United Kingdom,51.509865,-0.118092,1
ERR4334062,Asnicar,25723809,United Kingdom,51.509865,-0.118092,1
ERR4334063,Asnicar,27350223,United Kingdom,51.509865,-0.118092,1
ERR4334064,Asnicar,37192645,United Kingdom,51.509865,-0.118092,1
ERR4334065,Asnicar,27701594,USA,42.361145,-71.057083,2
ERR4334066,Asnicar,22642889,United Kingdom,51.509865,-0.118092,1
ERR4334067,Asnicar,30582643,United Kingdom,51.509865,-0.118092,1
ERR4334068,Asnicar,24440767,United Kingdom,51.509865,-0.118092,1
ERR4334069,Asnicar,26720406,United Kingdom,51.509865,-0.118092,1
ERR4334070,Asnicar,30148637,United Kingdom,51.509865,-0.118092,1
ERR4334071,Asnicar,33065674,United Kingdom,51.509865,-0.118092,1
ERR4334072,Asnicar,30028686,United Kingdom,51.509865,-0.118092,1
ERR4334073,Asnicar,25095667,United Kingdom,51.509865,-0.118092,1
ERR4334074,Asnicar,31555003,United Kingdom,51.509865,-0.118092,1
ERR4334075,Asnicar,32560402,USA,42.361145,-71.057083,2
ERR4334076,Asnicar,30954217,United Kingdom,51.509865,-0.118092,1
ERR4334077,Asnicar,27593558,United Kingdom,51.509865,-0.118092,1
ERR4334078,Asnicar,29380483,United Kingdom,51.509865,-0.118092,1
ERR4334079,Asnicar,25288776,United Kingdom,51.509865,-0.118092,1
ERR4334080,Asnicar,26637582,United Kingdom,51.509865,-0.118092,1
ERR4334081,Asnicar,26292411,United Kingdom,51.509865,-0.118092,1
ERR4334082,Asnicar,25168272,United Kingdom,51.509865,-0.118092,1
ERR4334083,Asnicar,36269635,United Kingdom,51.509865,-0.118092,1
ERR4334084,Asnicar,42999621,USA,42.361145,-71.057083,2
ERR4334085,Asnicar,19603106,United Kingdom,51.509865,-0.118092,1
ERR4334086,Asnicar,23800480,United Kingdom,51.509865,-0.118092,1
ERR4334087,Asnicar,24142835,United Kingdom,51.509865,-0.118092,1
ERR4334088,Asnicar,23238533,United Kingdom,51.509865,-0.118092,1
ERR4334089,Asnicar,24007350,United Kingdom,51.509865,-0.118092,1
ERR4334090,Asnicar,23522014,United Kingdom,51.509865,-0.118092,1
ERR4334091,Asnicar,24333832,United Kingdom,51.509865,-0.118092,1
ERR4334092,Asnicar,39184338,United Kingdom,51.509865,-0.118092,1
ERR4334093,Asnicar,29033788,United Kingdom,51.509865,-0.118092,1
ERR4334094,Asnicar,23436800,United Kingdom,51.509865,-0.118092,1
ERR4334095,Asnicar,40148067,United Kingdom,51.509865,-0.118092,1
ERR4334096,Asnicar,25962189,United Kingdom,51.509865,-0.118092,1
ERR4334097,Asnicar,35409776,United Kingdom,51.509865,-0.118092,1
ERR4334098,Asnicar,31565849,United Kingdom,51.509865,-0.118092,1
ERR4334099,Asnicar,38980432,United Kingdom,51.509865,-0.118092,1
ERR4334100,Asnicar,22921000,United Kingdom,51.509865,-0.118092,1
ERR4334101,Asnicar,31560035,USA,42.361145,-71.057083,2
ERR4334102,Asnicar,47611845,United Kingdom,51.509865,-0.118092,1
ERR4334103,Asnicar,25977205,United Kingdom,51.509865,-0.118092,1
ERR4334104,Asnicar,33062381,United Kingdom,51.509865,-0.118092,1
ERR4334105,Asnicar,30132313,United Kingdom,51.509865,-0.118092,1
ERR4334106,Asnicar,23453853,United Kingdom,51.509865,-0.118092,1
ERR4334107,Asnicar,22898146,United Kingdom,51.509865,-0.118092,1
ERR4334108,Asnicar,23787235,United Kingdom,51.509865,-0.118092,1
ERR4334109,Asnicar,26535085,United Kingdom,51.509865,-0.118092,1
ERR4334110,Asnicar,23143716,United Kingdom,51.509865,-0.118092,1
ERR4334111,Asnicar,24796090,United Kingdom,51.509865,-0.118092,1
ERR4334112,Asnicar,28220573,United Kingdom,51.509865,-0.118092,1
ERR4334113,Asnicar,23266712,United Kingdom,51.509865,-0.118092,1
ERR4334114,Asnicar,51349865,United Kingdom,51.509865,-0.118092,1
ERR4334115,Asnicar,25167308,USA,42.361145,-71.057083,2
ERR4334116,Asnicar,24105216,United Kingdom,51.509865,-0.118092,1
ERR4334117,Asnicar,28542782,United Kingdom,51.509865,-0.118092,1
ERR4334118,Asnicar,24400701,United Kingdom,51.509865,-0.118092,1
ERR4334119,Asnicar,30950186,United Kingdom,51.509865,-0.118092,1
ERR4334120,Asnicar,39209192,United Kingdom,51.509865,-0.118092,1
ERR4334121,Asnicar,33445400,United Kingdom,51.509865,-0.118092,1
ERR4334122,Asnicar,23068968,United Kingdom,51.509865,-0.118092,1
ERR4334123,Asnicar,62883045,United Kingdom,51.509865,-0.118092,1
ERR4334124,Asnicar,32141405,USA,42.361145,-71.057083,2
ERR4334125,Asnicar,26049342,United Kingdom,51.509865,-0.118092,1
ERR4334126,Asnicar,22984076,United Kingdom,51.509865,-0.118092,1
ERR4334127,Asnicar,29006077,United Kingdom,51.509865,-0.118092,1
ERR4334128,Asnicar,24286488,United Kingdom,51.509865,-0.118092,1
ERR4334129,Asnicar,23269261,United Kingdom,51.509865,-0.118092,1
ERR4334130,Asnicar,23462503,United Kingdom,51.509865,-0.118092,1
ERR4334131,Asnicar,25707611,United Kingdom,51.509865,-0.118092,1
ERR4334132,Asnicar,31053906,USA,42.361145,-71.057083,2
ERR4334133,Asnicar,33507488,United Kingdom,51.509865,-0.118092,1
ERR4334134,Asnicar,35623042,USA,42.361145,-71.057083,2
ERR4334135,Asnicar,31373564,United Kingdom,51.509865,-0.118092,1
ERR4334136,Asnicar,25578301,United Kingdom,51.509865,-0.118092,1
ERR4334137,Asnicar,25094940,United Kingdom,51.509865,-0.118092,1
ERR4334138,Asnicar,26644611,USA,42.361145,-71.057083,2
ERR4334139,Asnicar,24694182,United Kingdom,51.509865,-0.118092,1
ERR4334140,Asnicar,27551721,United Kingdom,51.509865,-0.118092,1
ERR4334141,Asnicar,55973757,United Kingdom,51.509865,-0.118092,1
ERR4334142,Asnicar,29700050,United Kingdom,51.509865,-0.118092,1
ERR4334143,Asnicar,32176994,United Kingdom,51.509865,-0.118092,1
ERR4334144,Asnicar,30380534,United Kingdom,51.509865,-0.118092,1
ERR4334145,Asnicar,26948058,United Kingdom,51.509865,-0.118092,1
ERR4334146,Asnicar,24539104,United Kingdom,51.509865,-0.118092,1
ERR4334147,Asnicar,26035406,United Kingdom,51.509865,-0.118092,1
ERR4334148,Asnicar,30492943,United Kingdom,51.509865,-0.118092,1
ERR4334149,Asnicar,23255566,United Kingdom,51.509865,-0.118092,1
ERR4334150,Asnicar,24829257,United Kingdom,51.509865,-0.118092,1
ERR4334151,Asnicar,26202303,United Kingdom,51.509865,-0.118092,1
ERR4334152,Asnicar,34079409,United Kingdom,51.509865,-0.118092,1
ERR4334153,Asnicar,44391515,United Kingdom,51.509865,-0.118092,1
ERR4334154,Asnicar,24120640,United Kingdom,51.509865,-0.118092,1
ERR4334155,Asnicar,25918926,United Kingdom,51.509865,-0.118092,1
ERR4334156,Asnicar,23231582,United Kingdom,51.509865,-0.118092,1
ERR4334157,Asnicar,38393732,United Kingdom,51.509865,-0.118092,1
ERR4334158,Asnicar,43897118,United Kingdom,51.509865,-0.118092,1
ERR4334159,Asnicar,25208153,United Kingdom,51.509865,-0.118092,1
ERR4334160,Asnicar,23566964,United Kingdom,51.509865,-0.118092,1
ERR4334161,Asnicar,31521757,United Kingdom,51.509865,-0.118092,1
ERR4334162,Asnicar,26412533,United Kingdom,51.509865,-0.118092,1
ERR4334164,Asnicar,23964381,United Kingdom,51.509865,-0.118092,1
ERR4334165,Asnicar,31339717,United Kingdom,51.509865,-0.118092,1
ERR4334166,Asnicar,27042682,United Kingdom,51.509865,-0.118092,1
ERR4334167,Asnicar,41957184,United Kingdom,51.509865,-0.118092,1
ERR4334168,Asnicar,33429741,United Kingdom,51.509865,-0.118092,1
ERR4334169,Asnicar,27094908,United Kingdom,51.509865,-0.118092,1
ERR4334170,Asnicar,33378319,United Kingdom,51.509865,-0.118092,1
ERR4334171,Asnicar,30152926,USA,42.361145,-71.057083,2
ERR4334172,Asnicar,25282357,United Kingdom,51.509865,-0.118092,1
ERR4334173,Asnicar,33295241,United Kingdom,51.509865,-0.118092,1
ERR4334174,Asnicar,33535047,United Kingdom,51.509865,-0.118092,1
ERR4334175,Asnicar,37065276,United Kingdom,51.509865,-0.118092,1
ERR4334176,Asnicar,23515256,United Kingdom,51.509865,-0.118092,1
ERR4334177,Asnicar,47796477,United Kingdom,51.509865,-0.118092,1
ERR4334178,Asnicar,26189489,USA,42.361145,-71.057083,2
ERR4334179,Asnicar,29116602,United Kingdom,51.509865,-0.118092,1
ERR4334180,Asnicar,36922717,United Kingdom,51.509865,-0.118092,1
ERR4334181,Asnicar,25759889,United Kingdom,51.509865,-0.118092,1
ERR4334182,Asnicar,24842619,United Kingdom,51.509865,-0.118092,1
ERR4334183,Asnicar,72602160,United Kingdom,51.509865,-0.118092,1
ERR4334184,Asnicar,32042348,United Kingdom,51.509865,-0.118092,1
ERR4334185,Asnicar,32321024,United Kingdom,51.509865,-0.118092,1
ERR4334186,Asnicar,31999126,United Kingdom,51.509865,-0.118092,1
ERR4334187,Asnicar,24142437,United Kingdom,51.509865,-0.118092,1
ERR4334188,Asnicar,26197001,United Kingdom,51.509865,-0.118092,1
ERR4334189,Asnicar,25764680,United Kingdom,51.509865,-0.118092,1
ERR4334190,Asnicar,24849166,United Kingdom,51.509865,-0.118092,1
ERR4334191,Asnicar,33943625,United Kingdom,51.509865,-0.118092,1
ERR4334192,Asnicar,29694325,United Kingdom,51.509865,-0.118092,1
ERR4334193,Asnicar,34448264,United Kingdom,51.509865,-0.118092,1
ERR4334194,Asnicar,24529956,United Kingdom,51.509865,-0.118092,1
ERR4334195,Asnicar,23875636,United Kingdom,51.509865,-0.118092,1
ERR4334196,Asnicar,41054660,United Kingdom,51.509865,-0.118092,1
ERR4334197,Asnicar,24812805,United Kingdom,51.509865,-0.118092,1
ERR4334198,Asnicar,23361949,United Kingdom,51.509865,-0.118092,1
ERR4334199,Asnicar,24119121,United Kingdom,51.509865,-0.118092,1
ERR4334200,Asnicar,29572998,United Kingdom,51.509865,-0.118092,1
ERR4334201,Asnicar,38490083,USA,42.361145,-71.057083,2
ERR4334202,Asnicar,23829156,United Kingdom,51.509865,-0.118092,1
ERR4334203,Asnicar,30151854,United Kingdom,51.509865,-0.118092,1
ERR4334204,Asnicar,24912291,United Kingdom,51.509865,-0.118092,1
ERR4334205,Asnicar,23591495,United Kingdom,51.509865,-0.118092,1
ERR4334206,Asnicar,24921962,United Kingdom,51.509865,-0.118092,1
ERR4334207,Asnicar,28161566,United Kingdom,51.509865,-0.118092,1
ERR4334208,Asnicar,20624310,United Kingdom,51.509865,-0.118092,1
ERR4334209,Asnicar,24872489,USA,42.361145,-71.057083,2
ERR4334210,Asnicar,26398633,United Kingdom,51.509865,-0.118092,1
ERR4334211,Asnicar,24966608,United Kingdom,51.509865,-0.118092,1
ERR4334212,Asnicar,23296096,United Kingdom,51.509865,-0.118092,1
ERR4334213,Asnicar,26471234,United Kingdom,51.509865,-0.118092,1
ERR4334214,Asnicar,37755624,United Kingdom,51.509865,-0.118092,1
ERR4334215,Asnicar,28769569,United Kingdom,51.509865,-0.118092,1
ERR4334216,Asnicar,27010298,United Kingdom,51.509865,-0.118092,1
ERR4334217,Asnicar,25922931,United Kingdom,51.509865,-0.118092,1
ERR4334218,Asnicar,25931782,United Kingdom,51.509865,-0.118092,1
ERR4334219,Asnicar,25573200,USA,42.361145,-71.057083,2
ERR4334220,Asnicar,36335521,United Kingdom,51.509865,-0.118092,1
ERR4334221,Asnicar,31233826,United Kingdom,51.509865,-0.118092,1
ERR4334222,Asnicar,26892004,United Kingdom,51.509865,-0.118092,1
ERR4334223,Asnicar,25950674,United Kingdom,51.509865,-0.118092,1
ERR4334224,Asnicar,24121578,United Kingdom,51.509865,-0.118092,1
ERR4334225,Asnicar,26968513,USA,42.361145,-71.057083,2
ERR4334226,Asnicar,24082635,United Kingdom,51.509865,-0.118092,1
ERR4334227,Asnicar,29078285,United Kingdom,51.509865,-0.118092,1
ERR4334228,Asnicar,29335064,United Kingdom,51.509865,-0.118092,1
ERR4334229,Asnicar,28223961,United Kingdom,51.509865,-0.118092,1
ERR4334230,Asnicar,24661936,United Kingdom,51.509865,-0.118092,1
ERR4334231,Asnicar,8070795,United Kingdom,51.509865,-0.118092,1
ERR4334232,Asnicar,27995170,United Kingdom,51.509865,-0.118092,1
ERR4334233,Asnicar,24829176,United Kingdom,51.509865,-0.118092,1
ERR4334234,Asnicar,24277764,United Kingdom,51.509865,-0.118092,1
ERR4334235,Asnicar,28093273,United Kingdom,51.509865,-0.118092,1
ERR4334236,Asnicar,24945497,United Kingdom,51.509865,-0.118092,1
ERR4334237,Asnicar,37387680,United Kingdom,51.509865,-0.118092,1
ERR4334238,Asnicar,24030192,United Kingdom,51.509865,-0.118092,1
ERR4334239,Asnicar,29353394,United Kingdom,51.509865,-0.118092,1
ERR4334240,Asnicar,29271757,United Kingdom,51.509865,-0.118092,1
ERR4334241,Asnicar,23257874,United Kingdom,51.509865,-0.118092,1
ERR4334242,Asnicar,24787276,United Kingdom,51.509865,-0.118092,1
ERR4334243,Asnicar,28136874,United Kingdom,51.509865,-0.118092,1
ERR4334244,Asnicar,42497438,United Kingdom,51.509865,-0.118092,1
ERR4334245,Asnicar,27081724,United Kingdom,51.509865,-0.118092,1
ERR4334246,Asnicar,27723224,United Kingdom,51.509865,-0.118092,1
ERR4334247,Asnicar,25132660,United Kingdom,51.509865,-0.118092,1
ERR4334248,Asnicar,22934905,United Kingdom,51.509865,-0.118092,1
ERR4334249,Asnicar,24883167,United Kingdom,51.509865,-0.118092,1
ERR4334250,Asnicar,32020168,United Kingdom,51.509865,-0.118092,1
ERR4334251,Asnicar,24953334,United Kingdom,51.509865,-0.118092,1
ERR4334252,Asnicar,24310216,United Kingdom,51.509865,-0.118092,1
ERR4334253,Asnicar,26213411,USA,42.361145,-71.057083,2
ERR4334254,Asnicar,29666403,United Kingdom,51.509865,-0.118092,1
ERR4334255,Asnicar,29788746,United Kingdom,51.509865,-0.118092,1
ERR4334256,Asnicar,31561759,United Kingdom,51.509865,-0.118092,1
ERR4334257,Asnicar,30299050,United Kingdom,51.509865,-0.118092,1
ERR4334258,Asnicar,38027748,United Kingdom,51.509865,-0.118092,1
ERR4334259,Asnicar,26961491,United Kingdom,51.509865,-0.118092,1
ERR4334260,Asnicar,36441655,United Kingdom,51.509865,-0.118092,1
ERR4334261,Asnicar,25500342,United Kingdom,51.509865,-0.118092,1
ERR4334262,Asnicar,45044839,United Kingdom,51.509865,-0.118092,1
ERR4334263,Asnicar,23207302,United Kingdom,51.509865,-0.118092,1
ERR4334264,Asnicar,30302621,United Kingdom,51.509865,-0.118092,1
ERR4334265,Asnicar,41893923,United Kingdom,51.509865,-0.118092,1
ERR4334266,Asnicar,25151122,United Kingdom,51.509865,-0.118092,1
ERR4334267,Asnicar,26294478,United Kingdom,51.509865,-0.118092,1
ERR4334268,Asnicar,46242155,United Kingdom,51.509865,-0.118092,1
ERR4335019,Asnicar,34385478,United Kingdom,51.509865,-0.118092,1
ERR4335020,Asnicar,25632912,United Kingdom,51.509865,-0.118092,1
ERR4335021,Asnicar,24641716,United Kingdom,51.509865,-0.118092,1
ERR4335022,Asnicar,23061641,United Kingdom,51.509865,-0.118092,1
ERR4335023,Asnicar,57092868,United Kingdom,51.509865,-0.118092,1
ERR4335024,Asnicar,28291159,United Kingdom,51.509865,-0.118092,1
ERR4335025,Asnicar,32129637,United Kingdom,51.509865,-0.118092,1
ERR4335026,Asnicar,29359849,USA,42.361145,-71.057083,2
ERR4335027,Asnicar,28681529,United Kingdom,51.509865,-0.118092,1
ERR4335028,Asnicar,24800938,United Kingdom,51.509865,-0.118092,1
ERR4335029,Asnicar,35611553,United Kingdom,51.509865,-0.118092,1
ERR4335030,Asnicar,29410580,United Kingdom,51.509865,-0.118092,1
ERR4335031,Asnicar,23400547,United Kingdom,51.509865,-0.118092,1
ERR4335032,Asnicar,23816644,United Kingdom,51.509865,-0.118092,1
ERR4335033,Asnicar,24371590,United Kingdom,51.509865,-0.118092,1
ERR4335034,Asnicar,36945347,United Kingdom,51.509865,-0.118092,1
ERR4335035,Asnicar,24065410,United Kingdom,51.509865,-0.118092,1
ERR4335036,Asnicar,24425832,United Kingdom,51.509865,-0.118092,1
ERR4335037,Asnicar,38143248,United Kingdom,51.509865,-0.118092,1
ERR4335038,Asnicar,31605459,USA,42.361145,-71.057083,2
ERR4335039,Asnicar,26017395,United Kingdom,51.509865,-0.118092,1
ERR4335040,Asnicar,25325581,United Kingdom,51.509865,-0.118092,1
ERR4335041,Asnicar,22764402,United Kingdom,51.509865,-0.118092,1
ERR4335042,Asnicar,44036663,United Kingdom,51.509865,-0.118092,1
ERR4335043,Asnicar,22653984,United Kingdom,51.509865,-0.118092,1
ERR4335044,Asnicar,24503316,United Kingdom,51.509865,-0.118092,1
ERR4335045,Asnicar,27837240,United Kingdom,51.509865,-0.118092,1
ERR4335046,Asnicar,24413271,United Kingdom,51.509865,-0.118092,1
ERR4335047,Asnicar,49347710,United Kingdom,51.509865,-0.118092,1
ERR4335048,Asnicar,26144778,United Kingdom,51.509865,-0.118092,1
ERR4335049,Asnicar,31301366,United Kingdom,51.509865,-0.118092,1
ERR4335050,Asnicar,24715205,USA,42.361145,-71.057083,2
ERR4335051,Asnicar,25945130,United Kingdom,51.509865,-0.118092,1
ERR4335052,Asnicar,26331506,United Kingdom,51.509865,-0.118092,1
ERR4335053,Asnicar,42321902,United Kingdom,51.509865,-0.118092,1
ERR4335054,Asnicar,26716075,United Kingdom,51.509865,-0.118092,1
ERR4335055,Asnicar,32433058,United Kingdom,51.509865,-0.118092,1
ERR4335056,Asnicar,32468798,United Kingdom,51.509865,-0.118092,1
ERR4335057,Asnicar,26295318,United Kingdom,51.509865,-0.118092,1
ERR4335058,Asnicar,27470121,United Kingdom,51.509865,-0.118092,1
ERR4335059,Asnicar,25710485,United Kingdom,51.509865,-0.118092,1
ERR4335060,Asnicar,23053270,United Kingdom,51.509865,-0.118092,1
ERR4335061,Asnicar,25001086,USA,42.361145,-71.057083,2
ERR4335062,Asnicar,25974569,United Kingdom,51.509865,-0.118092,1
ERR4335063,Asnicar,29046113,United Kingdom,51.509865,-0.118092,1
ERR4335064,Asnicar,24905749,United Kingdom,51.509865,-0.118092,1
ERR4335065,Asnicar,26236637,United Kingdom,51.509865,-0.118092,1
ERR4335066,Asnicar,24319586,United Kingdom,51.509865,-0.118092,1
ERR4335067,Asnicar,23056733,United Kingdom,51.509865,-0.118092,1
ERR4335068,Asnicar,25636267,United Kingdom,51.509865,-0.118092,1
ERR4335069,Asnicar,29689947,United Kingdom,51.509865,-0.118092,1
ERR4335070,Asnicar,38939571,United Kingdom,51.509865,-0.118092,1
ERR4335071,Asnicar,23524867,United Kingdom,51.509865,-0.118092,1
ERR4335072,Asnicar,25395294,United Kingdom,51.509865,-0.118092,1
ERR4335073,Asnicar,26855654,United Kingdom,51.509865,-0.118092,1
ERR4335074,Asnicar,22097693,United Kingdom,51.509865,-0.118092,1
ERR4335075,Asnicar,23151126,United Kingdom,51.509865,-0.118092,1
ERR4335076,Asnicar,26137335,United Kingdom,51.509865,-0.118092,1
ERR4335077,Asnicar,30137473,United Kingdom,51.509865,-0.118092,1
ERR4335078,Asnicar,30699268,United Kingdom,51.509865,-0.118092,1
ERR4335079,Asnicar,23421148,United Kingdom,51.509865,-0.118092,1
ERR4335080,Asnicar,31602518,United Kingdom,51.509865,-0.118092,1
ERR4335081,Asnicar,53172180,United Kingdom,51.509865,-0.118092,1
ERR4335082,Asnicar,23603470,United Kingdom,51.509865,-0.118092,1
ERR4335083,Asnicar,32785418,United Kingdom,51.509865,-0.118092,1
ERR4335084,Asnicar,34025999,United Kingdom,51.509865,-0.118092,1
ERR4335085,Asnicar,23980847,United Kingdom,51.509865,-0.118092,1
ERR4335086,Asnicar,22985218,United Kingdom,51.509865,-0.118092,1
ERR4335087,Asnicar,33561717,United Kingdom,51.509865,-0.118092,1
ERR4335088,Asnicar,26120495,United Kingdom,51.509865,-0.118092,1
ERR4335089,Asnicar,30209210,United Kingdom,51.509865,-0.118092,1
ERR4335090,Asnicar,25640310,United Kingdom,51.509865,-0.118092,1
ERR4335091,Asnicar,28124954,United Kingdom,51.509865,-0.118092,1
ERR4335092,Asnicar,25147086,United Kingdom,51.509865,-0.118092,1
ERR4335093,Asnicar,24689295,United Kingdom,51.509865,-0.118092,1
ERR4335094,Asnicar,24440838,United Kingdom,51.509865,-0.118092,1
ERR4335095,Asnicar,36374618,United Kingdom,51.509865,-0.118092,1
ERR4335096,Asnicar,25169747,United Kingdom,51.509865,-0.118092,1
ERR4335097,Asnicar,22879918,United Kingdom,51.509865,-0.118092,1
ERR4335098,Asnicar,33847293,USA,42.361145,-71.057083,2
ERR4335099,Asnicar,23500473,United Kingdom,51.509865,-0.118092,1
ERR4335100,Asnicar,28130150,United Kingdom,51.509865,-0.118092,1
ERR4335101,Asnicar,24570453,United Kingdom,51.509865,-0.118092,1
ERR4335102,Asnicar,24854993,United Kingdom,51.509865,-0.118092,1
ERR4335103,Asnicar,28306074,United Kingdom,51.509865,-0.118092,1
ERR4335104,Asnicar,32939404,United Kingdom,51.509865,-0.118092,1
ERR4335105,Asnicar,25568257,United Kingdom,51.509865,-0.118092,1
ERR4335106,Asnicar,24138928,United Kingdom,51.509865,-0.118092,1
ERR4335107,Asnicar,23543040,United Kingdom,51.509865,-0.118092,1
ERR4335108,Asnicar,25682863,United Kingdom,51.509865,-0.118092,1
ERR4335109,Asnicar,26422546,United Kingdom,51.509865,-0.118092,1
ERR4335110,Asnicar,28463043,United Kingdom,51.509865,-0.118092,1
ERR4335111,Asnicar,28413002,United Kingdom,51.509865,-0.118092,1
ERR4335112,Asnicar,23520923,United Kingdom,51.509865,-0.118092,1
ERR4335113,Asnicar,24112731,United Kingdom,51.509865,-0.118092,1
ERR4335114,Asnicar,34756348,United Kingdom,51.509865,-0.118092,1
ERR4335115,Asnicar,23676856,United Kingdom,51.509865,-0.118092,1
ERR4335116,Asnicar,31016099,USA,42.361145,-71.057083,2
ERR4335117,Asnicar,26487172,United Kingdom,51.509865,-0.118092,1
ERR4335118,Asnicar,25697826,United Kingdom,51.509865,-0.118092,1
ERR4335119,Asnicar,31071361,United Kingdom,51.509865,-0.118092,1
ERR4335120,Asnicar,24061151,United Kingdom,51.509865,-0.118092,1
ERR4335121,Asnicar,22803520,United Kingdom,51.509865,-0.118092,1
ERR4335122,Asnicar,27744014,United Kingdom,51.509865,-0.118092,1
ERR4335123,Asnicar,30692179,USA,42.361145,-71.057083,2
ERR4335124,Asnicar,29813210,United Kingdom,51.509865,-0.118092,1
ERR4335125,Asnicar,25031391,United Kingdom,51.509865,-0.118092,1
ERR4335126,Asnicar,28755666,United Kingdom,51.509865,-0.118092,1
ERR4335127,Asnicar,27311135,United Kingdom,51.509865,-0.118092,1
ERR4335128,Asnicar,25088973,USA,42.361145,-71.057083,2
ERR4335129,Asnicar,27696874,United Kingdom,51.509865,-0.118092,1
ERR4335130,Asnicar,30308412,United Kingdom,51.509865,-0.118092,1
ERR4335131,Asnicar,29706215,United Kingdom,51.509865,-0.118092,1
ERR4335132,Asnicar,32894486,United Kingdom,51.509865,-0.118092,1
ERR4335133,Asnicar,24057935,United Kingdom,51.509865,-0.118092,1
ERR4335134,Asnicar,32404776,United Kingdom,51.509865,-0.118092,1
ERR4335135,Asnicar,38977190,United Kingdom,51.509865,-0.118092,1
ERR4335136,Asnicar,34040788,United Kingdom,51.509865,-0.118092,1
ERR4335137,Asnicar,25152464,USA,42.361145,-71.057083,2
ERR4335138,Asnicar,43607070,United Kingdom,51.509865,-0.118092,1
ERR4335139,Asnicar,24566514,United Kingdom,51.509865,-0.118092,1
ERR4335140,Asnicar,31416237,United Kingdom,51.509865,-0.118092,1
ERR4335141,Asnicar,25143393,United Kingdom,51.509865,-0.118092,1
ERR4335142,Asnicar,26457331,United Kingdom,51.509865,-0.118092,1
ERR4335143,Asnicar,28759200,United Kingdom,51.509865,-0.118092,1
ERR4335144,Asnicar,24511777,United Kingdom,51.509865,-0.118092,1
ERR4335145,Asnicar,23517738,United Kingdom,51.509865,-0.118092,1
ERR4335146,Asnicar,24810027,USA,42.361145,-71.057083,2
ERR4335147,Asnicar,26519574,United Kingdom,51.509865,-0.118092,1
ERR4335148,Asnicar,30201798,United Kingdom,51.509865,-0.118092,1
ERR4335149,Asnicar,21132547,United Kingdom,51.509865,-0.118092,1
ERR4335150,Asnicar,30472251,United Kingdom,51.509865,-0.118092,1
ERR4335151,Asnicar,28230322,United Kingdom,51.509865,-0.118092,1
ERR4335152,Asnicar,26993574,United Kingdom,51.509865,-0.118092,1
ERR4335153,Asnicar,22922391,United Kingdom,51.509865,-0.118092,1
ERR4335154,Asnicar,32377307,United Kingdom,51.509865,-0.118092,1
ERR4335155,Asnicar,27016288,United Kingdom,51.509865,-0.118092,1
ERR4335156,Asnicar,28707988,United Kingdom,51.509865,-0.118092,1
ERR4335157,Asnicar,57045199,United Kingdom,51.509865,-0.118092,1
ERR4335158,Asnicar,29693272,United Kingdom,51.509865,-0.118092,1
ERR4335159,Asnicar,30226927,United Kingdom,51.509865,-0.118092,1
ERR4335160,Asnicar,36510499,United Kingdom,51.509865,-0.118092,1
ERR4335161,Asnicar,23371431,United Kingdom,51.509865,-0.118092,1
ERR4335162,Asnicar,34616258,USA,42.361145,-71.057083,2
ERR4335163,Asnicar,32939264,United Kingdom,51.509865,-0.118092,1
ERR4335164,Asnicar,24872520,United Kingdom,51.509865,-0.118092,1
ERR4335165,Asnicar,23468241,United Kingdom,51.509865,-0.118092,1
ERR4335166,Asnicar,23444508,United Kingdom,51.509865,-0.118092,1
ERR4335167,Asnicar,30909239,United Kingdom,51.509865,-0.118092,1
ERR4335168,Asnicar,34830773,United Kingdom,51.509865,-0.118092,1
ERR4335169,Asnicar,41052760,USA,42.361145,-71.057083,2
ERR4335170,Asnicar,25855187,United Kingdom,51.509865,-0.118092,1
ERR4335171,Asnicar,71461614,United Kingdom,51.509865,-0.118092,1
ERR4335172,Asnicar,25878459,United Kingdom,51.509865,-0.118092,1
ERR4335173,Asnicar,19371114,United Kingdom,51.509865,-0.118092,1
ERR4335174,Asnicar,26417702,United Kingdom,51.509865,-0.118092,1
ERR4335175,Asnicar,24669792,United Kingdom,51.509865,-0.118092,1
ERR4335176,Asnicar,23058349,United Kingdom,51.509865,-0.118092,1
ERR4335177,Asnicar,27084222,United Kingdom,51.509865,-0.118092,1
ERR4335178,Asnicar,24233842,United Kingdom,51.509865,-0.118092,1
ERR4335179,Asnicar,26267432,United Kingdom,51.509865,-0.118092,1
ERR4335180,Asnicar,26066355,United Kingdom,51.509865,-0.118092,1
ERR4335181,Asnicar,25314168,United Kingdom,51.509865,-0.118092,1
ERR4335182,Asnicar,23624991,United Kingdom,51.509865,-0.118092,1
ERR4335183,Asnicar,36754991,United Kingdom,51.509865,-0.118092,1
ERR4335184,Asnicar,36849701,United Kingdom,51.509865,-0.118092,1
ERR4335185,Asnicar,27841670,USA,42.361145,-71.057083,2
ERR4335186,Asnicar,22480493,United Kingdom,51.509865,-0.118092,1
ERR4335187,Asnicar,28684838,United Kingdom,51.509865,-0.118092,1
ERR4335188,Asnicar,29554886,United Kingdom,51.509865,-0.118092,1
ERR4335189,Asnicar,38562991,USA,42.361145,-71.057083,2
ERR4335190,Asnicar,26543845,USA,42.361145,-71.057083,2
ERR4335191,Asnicar,25000284,United Kingdom,51.509865,-0.118092,1
ERR4335192,Asnicar,30556726,United Kingdom,51.509865,-0.118092,1
ERR4335193,Asnicar,32689113,United Kingdom,51.509865,-0.118092,1
ERR4335194,Asnicar,48652499,United Kingdom,51.509865,-0.118092,1
ERR4335195,Asnicar,35494035,United Kingdom,51.509865,-0.118092,1
ERR4335196,Asnicar,35579355,United Kingdom,51.509865,-0.118092,1
ERR4335197,Asnicar,25772649,United Kingdom,51.509865,-0.118092,1
ERR4335198,Asnicar,26018819,United Kingdom,51.509865,-0.118092,1
ERR4335199,Asnicar,22030440,United Kingdom,51.509865,-0.118092,1
ERR4335200,Asnicar,30191434,United Kingdom,51.509865,-0.118092,1
ERR4335201,Asnicar,27150276,United Kingdom,51.509865,-0.118092,1
ERR4335202,Asnicar,28964682,United Kingdom,51.509865,-0.118092,1
ERR4335203,Asnicar,28048031,United Kingdom,51.509865,-0.118092,1
ERR4335204,Asnicar,23197596,United Kingdom,51.509865,-0.118092,1
ERR4335205,Asnicar,50184704,United Kingdom,51.509865,-0.118092,1
ERR4335206,Asnicar,23162256,United Kingdom,51.509865,-0.118092,1
ERR4335207,Asnicar,33212722,United Kingdom,51.509865,-0.118092,1
ERR4335208,Asnicar,30162681,United Kingdom,51.509865,-0.118092,1
ERR4335209,Asnicar,11027558,United Kingdom,51.509865,-0.118092,1
ERR4335210,Asnicar,23446059,United Kingdom,51.509865,-0.118092,1
ERR4335211,Asnicar,23692779,United Kingdom,51.509865,-0.118092,1
ERR4335212,Asnicar,23647938,United Kingdom,51.509865,-0.118092,1
ERR4335213,Asnicar,24156965,USA,42.361145,-71.057083,2
ERR4335214,Asnicar,30305795,United Kingdom,51.509865,-0.118092,1
ERR4335215,Asnicar,28212058,United Kingdom,51.509865,-0.118092,1
ERR4335216,Asnicar,34905654,United Kingdom,51.509865,-0.118092,1
ERR4335217,Asnicar,24144337,United Kingdom,51.509865,-0.118092,1
ERR4335218,Asnicar,31887450,United Kingdom,51.509865,-0.118092,1
ERR4335219,Asnicar,34555588,United Kingdom,51.509865,-0.118092,1
ERR4335220,Asnicar,23783022,United Kingdom,51.509865,-0.118092,1
ERR4335221,Asnicar,32335801,United Kingdom,51.509865,-0.118092,1
ERR4335222,Asnicar,25349434,United Kingdom,51.509865,-0.118092,1
ERR4335223,Asnicar,24999783,United Kingdom,51.509865,-0.118092,1
ERR4335224,Asnicar,25707404,United Kingdom,51.509865,-0.118092,1
ERR4335225,Asnicar,23297349,United Kingdom,51.509865,-0.118092,1
ERR4335226,Asnicar,43474496,United Kingdom,51.509865,-0.118092,1
ERR4335227,Asnicar,30240909,United Kingdom,51.509865,-0.118092,1
ERR4335228,Asnicar,27188358,United Kingdom,51.509865,-0.118092,1
ERR4335229,Asnicar,30743397,United Kingdom,51.509865,-0.118092,1
ERR4335230,Asnicar,29775869,United Kingdom,51.509865,-0.118092,1
ERR4335231,Asnicar,26203801,USA,42.361145,-71.057083,2
ERR4335232,Asnicar,28191184,United Kingdom,51.509865,-0.118092,1
ERR4335233,Asnicar,20458081,United Kingdom,51.509865,-0.118092,1
ERR4335234,Asnicar,23671716,United Kingdom,51.509865,-0.118092,1
ERR4335235,Asnicar,29072051,United Kingdom,51.509865,-0.118092,1
ERR4335236,Asnicar,29820981,USA,42.361145,-71.057083,2
ERR4335237,Asnicar,25428763,USA,42.361145,-71.057083,2
ERR4335238,Asnicar,25375155,United Kingdom,51.509865,-0.118092,1
ERR4335239,Asnicar,23090357,United Kingdom,51.509865,-0.118092,1
ERR4335240,Asnicar,34218653,United Kingdom,51.509865,-0.118092,1
ERR4335241,Asnicar,26823305,United Kingdom,51.509865,-0.118092,1
ERR4335242,Asnicar,32332420,United Kingdom,51.509865,-0.118092,1
ERR4335243,Asnicar,23529077,United Kingdom,51.509865,-0.118092,1
ERR4335244,Asnicar,23905795,United Kingdom,51.509865,-0.118092,1
ERR4335245,Asnicar,23320684,United Kingdom,51.509865,-0.118092,1
ERR4335246,Asnicar,24172473,United Kingdom,51.509865,-0.118092,1
ERR4335247,Asnicar,26632473,United Kingdom,51.509865,-0.118092,1
ERR4335248,Asnicar,27010423,United Kingdom,51.509865,-0.118092,1
ERR4335249,Asnicar,50832729,United Kingdom,51.509865,-0.118092,1
ERR4335250,Asnicar,25806023,United Kingdom,51.509865,-0.118092,1
ERR4335251,Asnicar,35764739,United Kingdom,51.509865,-0.118092,1
ERR4335252,Asnicar,27666889,United Kingdom,51.509865,-0.118092,1
ERR4335253,Asnicar,25495185,United Kingdom,51.509865,-0.118092,1
ERR4335254,Asnicar,34262854,United Kingdom,51.509865,-0.118092,1
ERR4335255,Asnicar,25994815,United Kingdom,51.509865,-0.118092,1
ERR4335256,Asnicar,45031755,United Kingdom,51.509865,-0.118092,1
ERR4335257,Asnicar,26068097,USA,42.361145,-71.057083,2
ERR4335258,Asnicar,22228169,United Kingdom,51.509865,-0.118092,1
ERR4335259,Asnicar,26342295,USA,42.361145,-71.057083,2
ERR4335260,Asnicar,25221565,United Kingdom,51.509865,-0.118092,1
ERR4335261,Asnicar,24713278,United Kingdom,51.509865,-0.118092,1
ERR4335262,Asnicar,35749141,United Kingdom,51.509865,-0.118092,1
ERR4335263,Asnicar,36375747,United Kingdom,51.509865,-0.118092,1
ERR4335264,Asnicar,25660120,United Kingdom,51.509865,-0.118092,1
ERR4335265,Asnicar,28226089,United Kingdom,51.509865,-0.118092,1
ERR4335266,Asnicar,27632649,United Kingdom,51.509865,-0.118092,1
ERR4335267,Asnicar,33448003,United Kingdom,51.509865,-0.118092,1
ERR4335268,Asnicar,26977186,United Kingdom,51.509865,-0.118092,1
ERR4335269,Asnicar,34306644,United Kingdom,51.509865,-0.118092,1
ERR4335270,Asnicar,29920461,United Kingdom,51.509865,-0.118092,1
ERR4335271,Asnicar,28416251,United Kingdom,51.509865,-0.118092,1
ERR4335272,Asnicar,26105568,USA,42.361145,-71.057083,2
ERR4335273,Asnicar,26350775,United Kingdom,51.509865,-0.118092,1
ERR4335274,Asnicar,25571843,United Kingdom,51.509865,-0.118092,1
ERR4335275,Asnicar,27227315,United Kingdom,51.509865,-0.118092,1
ERR4335276,Asnicar,28267855,United Kingdom,51.509865,-0.118092,1
ERR4335277,Asnicar,24256947,United Kingdom,51.509865,-0.118092,1
ERR4335278,Asnicar,37006036,United Kingdom,51.509865,-0.118092,1
ERR4335279,Asnicar,25732816,United Kingdom,51.509865,-0.118092,1
ERR4335280,Asnicar,33709838,United Kingdom,51.509865,-0.118092,1
ERR4335281,Asnicar,33202562,USA,42.361145,-71.057083,2
ERR4335282,Asnicar,63707492,United Kingdom,51.509865,-0.118092,1
ERR4335283,Asnicar,28842896,United Kingdom,51.509865,-0.118092,1
ERR4335284,Asnicar,26547704,United Kingdom,51.509865,-0.118092,1
ERR4335285,Asnicar,24473093,United Kingdom,51.509865,-0.118092,1
ERR4335286,Asnicar,48126609,United Kingdom,51.509865,-0.118092,1
ERR4335287,Asnicar,28030138,United Kingdom,51.509865,-0.118092,1
ERR4335288,Asnicar,36631947,United Kingdom,51.509865,-0.118092,1
ERR4335289,Asnicar,23899450,United Kingdom,51.509865,-0.118092,1
ERR4335290,Asnicar,28616608,United Kingdom,51.509865,-0.118092,1
ERR4335291,Asnicar,26609849,United Kingdom,51.509865,-0.118092,1
ERR4335292,Asnicar,26730814,United Kingdom,51.509865,-0.118092,1
ERR4335293,Asnicar,24705213,United Kingdom,51.509865,-0.118092,1
ERR4335294,Asnicar,26386435,United Kingdom,51.509865,-0.118092,1
ERR4335295,Asnicar,25628201,United Kingdom,51.509865,-0.118092,1
ERR4335296,Asnicar,23970507,United Kingdom,51.509865,-0.118092,1
ERR4335297,Asnicar,26468943,United Kingdom,51.509865,-0.118092,1
ERR4335298,Asnicar,25921020,United Kingdom,51.509865,-0.118092,1
ERR4335299,Asnicar,28824620,United Kingdom,51.509865,-0.118092,1
ERR4335300,Asnicar,26041526,United Kingdom,51.509865,-0.118092,1
ERR4335301,Asnicar,31290066,United Kingdom,51.509865,-0.118092,1
ERR4335302,Asnicar,26506839,United Kingdom,51.509865,-0.118092,1
ERR4335303,Asnicar,39071051,USA,42.361145,-71.057083,2
ERR4335304,Asnicar,36836903,United Kingdom,51.509865,-0.118092,1
ERR4335305,Asnicar,24056068,United Kingdom,51.509865,-0.118092,1
ERR4335306,Asnicar,5904838,United Kingdom,51.509865,-0.118092,1
ERR4335307,Asnicar,38629116,United Kingdom,51.509865,-0.118092,1
ERR4335308,Asnicar,56912998,United Kingdom,51.509865,-0.118092,1
ERR4335309,Asnicar,25751367,United Kingdom,51.509865,-0.118092,1
ERR4335310,Asnicar,17416115,United Kingdom,51.509865,-0.118092,1
ERR4335311,Asnicar,25019242,United Kingdom,51.509865,-0.118092,1
ERR4335312,Asnicar,28888116,United Kingdom,51.509865,-0.118092,1
ERR4335313,Asnicar,28801275,United Kingdom,51.509865,-0.118092,1
ERR4335314,Asnicar,24364494,United Kingdom,51.509865,-0.118092,1
ERR4335315,Asnicar,25935227,USA,42.361145,-71.057083,2
ERR4335316,Asnicar,28517563,USA,42.361145,-71.057083,2
ERR4335317,Asnicar,47028644,United Kingdom,51.509865,-0.118092,1
ERR4335318,Asnicar,24857900,United Kingdom,51.509865,-0.118092,1
ERR4341661,Asnicar,26115358,United Kingdom,51.509865,-0.118092,1
ERR4341662,Asnicar,29629451,United Kingdom,51.509865,-0.118092,1
ERR4341663,Asnicar,24236048,United Kingdom,51.509865,-0.118092,1
ERR4341664,Asnicar,23435231,United Kingdom,51.509865,-0.118092,1
ERR4341665,Asnicar,35158594,USA,42.361145,-71.057083,2
ERR4341666,Asnicar,24064035,United Kingdom,51.509865,-0.118092,1
ERR4341667,Asnicar,23092820,United Kingdom,51.509865,-0.118092,1
ERR4341668,Asnicar,25552733,United Kingdom,51.509865,-0.118092,1
ERR4341669,Asnicar,25063603,United Kingdom,51.509865,-0.118092,1
ERR4341670,Asnicar,28912399,United Kingdom,51.509865,-0.118092,1
ERR4341671,Asnicar,26122053,United Kingdom,51.509865,-0.118092,1
ERR4341672,Asnicar,25507462,United Kingdom,51.509865,-0.118092,1
ERR4341673,Asnicar,25085076,United Kingdom,51.509865,-0.118092,1
ERR4341674,Asnicar,31600995,United Kingdom,51.509865,-0.118092,1
ERR4341675,Asnicar,30038929,United Kingdom,51.509865,-0.118092,1
ERR4341676,Asnicar,22774862,United Kingdom,51.509865,-0.118092,1
ERR4341677,Asnicar,23504608,United Kingdom,51.509865,-0.118092,1
ERR4341678,Asnicar,28281188,United Kingdom,51.509865,-0.118092,1
ERR4341679,Asnicar,24216047,United Kingdom,51.509865,-0.118092,1
ERR4341680,Asnicar,24184211,United Kingdom,51.509865,-0.118092,1
ERR4341681,Asnicar,27013662,USA,42.361145,-71.057083,2
ERR4341682,Asnicar,32157195,United Kingdom,51.509865,-0.118092,1
ERR4341683,Asnicar,25385973,United Kingdom,51.509865,-0.118092,1
ERR4341684,Asnicar,42275297,United Kingdom,51.509865,-0.118092,1
ERR4341685,Asnicar,25091586,United Kingdom,51.509865,-0.118092,1
ERR4341686,Asnicar,27029141,USA,42.361145,-71.057083,2
ERR4341687,Asnicar,26946176,United Kingdom,51.509865,-0.118092,1
ERR4341688,Asnicar,25799834,United Kingdom,51.509865,-0.118092,1
ERR4341689,Asnicar,34557202,United Kingdom,51.509865,-0.118092,1
ERR4341690,Asnicar,26246496,United Kingdom,51.509865,-0.118092,1
ERR4341691,Asnicar,26361882,United Kingdom,51.509865,-0.118092,1
ERR4341692,Asnicar,23310651,United Kingdom,51.509865,-0.118092,1
ERR4341693,Asnicar,27951942,United Kingdom,51.509865,-0.118092,1
ERR4341694,Asnicar,25073987,United Kingdom,51.509865,-0.118092,1
ERR4341695,Asnicar,26045554,USA,42.361145,-71.057083,2
ERR4341696,Asnicar,35661399,United Kingdom,51.509865,-0.118092,1
ERR4341697,Asnicar,23270144,United Kingdom,51.509865,-0.118092,1
ERR4341698,Asnicar,6173921,United Kingdom,51.509865,-0.118092,1
ERR4341699,Asnicar,28160264,United Kingdom,51.509865,-0.118092,1
ERR4341700,Asnicar,32720873,United Kingdom,51.509865,-0.118092,1
ERR4341701,Asnicar,29920023,United Kingdom,51.509865,-0.118092,1
ERR4341702,Asnicar,23640395,United Kingdom,51.509865,-0.118092,1
ERR4341703,Asnicar,66810237,United Kingdom,51.509865,-0.118092,1
ERR4341704,Asnicar,26343652,United Kingdom,51.509865,-0.118092,1
ERR4341705,Asnicar,24274532,United Kingdom,51.509865,-0.118092,1
ERR4341706,Asnicar,28763243,United Kingdom,51.509865,-0.118092,1
ERR4341707,Asnicar,29619161,United Kingdom,51.509865,-0.118092,1
ERR4341708,Asnicar,23868111,United Kingdom,51.509865,-0.118092,1
ERR4341709,Asnicar,26341989,United Kingdom,51.509865,-0.118092,1
ERR4341710,Asnicar,26489420,United Kingdom,51.509865,-0.118092,1
ERR4341711,Asnicar,32168914,United Kingdom,51.509865,-0.118092,1
ERR4341712,Asnicar,32271022,United Kingdom,51.509865,-0.118092,1
ERR4341713,Asnicar,35194960,United Kingdom,51.509865,-0.118092,1
ERR4341714,Asnicar,47902879,United Kingdom,51.509865,-0.118092,1
ERR4341715,Asnicar,43564099,United Kingdom,51.509865,-0.118092,1
ERR4341716,Asnicar,26841224,USA,42.361145,-71.057083,2
ERR4341717,Asnicar,32928196,USA,42.361145,-71.057083,2
ERR4341718,Asnicar,25154865,United Kingdom,51.509865,-0.118092,1
ERR4341719,Asnicar,26961346,USA,42.361145,-71.057083,2
ERR4341720,Asnicar,24362201,United Kingdom,51.509865,-0.118092,1
ERR4341721,Asnicar,32292915,United Kingdom,51.509865,-0.118092,1
ERR4341722,Asnicar,26608739,USA,42.361145,-71.057083,2
ERR4341723,Asnicar,25569649,USA,42.361145,-71.057083,2
ERR4341724,Asnicar,33378594,United Kingdom,51.509865,-0.118092,1
ERR4341725,Asnicar,30184070,United Kingdom,51.509865,-0.118092,1
ERR4341726,Asnicar,27968924,United Kingdom,51.509865,-0.118092,1
ERR4341727,Asnicar,22727245,United Kingdom,51.509865,-0.118092,1
ERR4341728,Asnicar,26089352,United Kingdom,51.509865,-0.118092,1
ERR4341729,Asnicar,52214787,USA,42.361145,-71.057083,2
ERR4341730,Asnicar,43004617,United Kingdom,51.509865,-0.118092,1
ERR4341731,Asnicar,22360762,United Kingdom,51.509865,-0.118092,1
ERR4341732,Asnicar,26468187,United Kingdom,51.509865,-0.118092,1
ERR4341733,Asnicar,24942133,United Kingdom,51.509865,-0.118092,1
ERR4341734,Asnicar,25462078,United Kingdom,51.509865,-0.118092,1
ERR4341735,Asnicar,24021822,United Kingdom,51.509865,-0.118092,1
ERR4341736,Asnicar,29839563,United Kingdom,51.509865,-0.118092,1
ERR4341737,Asnicar,24502296,United Kingdom,51.509865,-0.118092,1
ERR4341738,Asnicar,28247457,United Kingdom,51.509865,-0.118092,1
ERR4341739,Asnicar,25279357,United Kingdom,51.509865,-0.118092,1
ERR4341740,Asnicar,32915174,United Kingdom,51.509865,-0.118092,1
ERR4341741,Asnicar,22987498,United Kingdom,51.509865,-0.118092,1
ERR4341742,Asnicar,25887060,United Kingdom,51.509865,-0.118092,1
ERR4341743,Asnicar,27613189,United Kingdom,51.509865,-0.118092,1
ERR4341744,Asnicar,25139109,United Kingdom,51.509865,-0.118092,1
ERR4341745,Asnicar,24657657,United Kingdom,51.509865,-0.118092,1
ERR4341746,Asnicar,25928506,United Kingdom,51.509865,-0.118092,1
ERR4341747,Asnicar,29297235,United Kingdom,51.509865,-0.118092,1
ERR4341748,Asnicar,29845533,United Kingdom,51.509865,-0.118092,1
ERR4341749,Asnicar,25753792,United Kingdom,51.509865,-0.118092,1
ERR4341750,Asnicar,24154323,United Kingdom,51.509865,-0.118092,1
ERR4341751,Asnicar,25016875,United Kingdom,51.509865,-0.118092,1
ERR4341752,Asnicar,42119772,United Kingdom,51.509865,-0.118092,1
ERR4341753,Asnicar,26522005,United Kingdom,51.509865,-0.118092,1
ERR4341754,Asnicar,24209228,United Kingdom,51.509865,-0.118092,1
ERR4341755,Asnicar,26952410,United Kingdom,51.509865,-0.118092,1
ERR4341756,Asnicar,24356544,United Kingdom,51.509865,-0.118092,1
ERR4341757,Asnicar,23893735,United Kingdom,51.509865,-0.118092,1
ERR4341758,Asnicar,32540308,United Kingdom,51.509865,-0.118092,1
ERR4341759,Asnicar,27473538,United Kingdom,51.509865,-0.118092,1
ERR4341760,Asnicar,24910863,United Kingdom,51.509865,-0.118092,1
ERR4341761,Asnicar,39750962,United Kingdom,51.509865,-0.118092,1
ERR4341762,Asnicar,32330216,United Kingdom,51.509865,-0.118092,1
ERR4341763,Asnicar,43547951,USA,42.361145,-71.057083,2
ERR4341764,Asnicar,36187060,United Kingdom,51.509865,-0.118092,1
ERR4341765,Asnicar,27239167,United Kingdom,51.509865,-0.118092,1
ERR4341766,Asnicar,26961954,United Kingdom,51.509865,-0.118092,1
ERR4341767,Asnicar,26819306,USA,42.361145,-71.057083,2
ERR4341768,Asnicar,28343316,USA,42.361145,-71.057083,2
ERR4341769,Asnicar,26762676,United Kingdom,51.509865,-0.118092,1
ERR4341770,Asnicar,30221800,United Kingdom,51.509865,-0.118092,1
ERR4341771,Asnicar,29341960,United Kingdom,51.509865,-0.118092,1
ERR4341772,Asnicar,27023860,USA,42.361145,-71.057083,2
ERR4341773,Asnicar,25502557,United Kingdom,51.509865,-0.118092,1
ERR4341774,Asnicar,28531190,United Kingdom,51.509865,-0.118092,1
ERR4341775,Asnicar,25724755,United Kingdom,51.509865,-0.118092,1
ERR4341776,Asnicar,26995011,United Kingdom,51.509865,-0.118092,1
ERR4341777,Asnicar,35817541,United Kingdom,51.509865,-0.118092,1
ERR4341778,Asnicar,27029811,United Kingdom,51.509865,-0.118092,1
ERR4341779,Asnicar,31654569,United Kingdom,51.509865,-0.118092,1
ERR4341780,Asnicar,29790690,USA,42.361145,-71.057083,2
ERR4341781,Asnicar,36872187,United Kingdom,51.509865,-0.118092,1
ERR4341782,Asnicar,23267900,United Kingdom,51.509865,-0.118092,1
ERR4341783,Asnicar,34028877,United Kingdom,51.509865,-0.118092,1
ERR4341784,Asnicar,28286252,USA,42.361145,-71.057083,2
ERR4341785,Asnicar,31090286,United Kingdom,51.509865,-0.118092,1
ERR4341786,Asnicar,38475804,United Kingdom,51.509865,-0.118092,1
ERR4341787,Asnicar,22968872,United Kingdom,51.509865,-0.118092,1
ERR4341788,Asnicar,28741835,United Kingdom,51.509865,-0.118092,1
ERR4341789,Asnicar,27963534,United Kingdom,51.509865,-0.118092,1
ERR4341790,Asnicar,28150950,United Kingdom,51.509865,-0.118092,1
ERR4341791,Asnicar,29205743,United Kingdom,51.509865,-0.118092,1
ERR4341792,Asnicar,31032300,United Kingdom,51.509865,-0.118092,1
ERR4341793,Asnicar,23306415,United Kingdom,51.509865,-0.118092,1
ERR4341794,Asnicar,24890966,United Kingdom,51.509865,-0.118092,1
ERR4341795,Asnicar,45280177,United Kingdom,51.509865,-0.118092,1
ERR4341796,Asnicar,40873092,United Kingdom,51.509865,-0.118092,1
ERR4341797,Asnicar,31520702,United Kingdom,51.509865,-0.118092,1
ERR4341798,Asnicar,53110098,United Kingdom,51.509865,-0.118092,1
ERR4341799,Asnicar,26312732,United Kingdom,51.509865,-0.118092,1
ERR4341800,Asnicar,37133217,United Kingdom,51.509865,-0.118092,1
ERR4341801,Asnicar,26373091,United Kingdom,51.509865,-0.118092,1
ERR4341802,Asnicar,29531933,United Kingdom,51.509865,-0.118092,1
ERR4341803,Asnicar,24469703,United Kingdom,51.509865,-0.118092,1
ERR4341804,Asnicar,22701974,United Kingdom,51.509865,-0.118092,1
ERR4341805,Asnicar,23374276,United Kingdom,51.509865,-0.118092,1
ERR4341806,Asnicar,24951702,United Kingdom,51.509865,-0.118092,1
ERR4341807,Asnicar,27927459,United Kingdom,51.509865,-0.118092,1
ERR4341808,Asnicar,28055330,United Kingdom,51.509865,-0.118092,1
ERR4341809,Asnicar,28026525,United Kingdom,51.509865,-0.118092,1
ERR4341810,Asnicar,19588065,USA,42.361145,-71.057083,2
ERR4341811,Asnicar,23781028,United Kingdom,51.509865,-0.118092,1
ERR4341812,Asnicar,30895059,United Kingdom,51.509865,-0.118092,1
ERR4341813,Asnicar,23681778,United Kingdom,51.509865,-0.118092,1
ERR4341814,Asnicar,23480377,United Kingdom,51.509865,-0.118092,1
ERR4341815,Asnicar,30199790,United Kingdom,51.509865,-0.118092,1
ERR4341816,Asnicar,28215668,United Kingdom,51.509865,-0.118092,1
ERR4341817,Asnicar,24791766,United Kingdom,51.509865,-0.118092,1
ERR4341818,Asnicar,33296139,United Kingdom,51.509865,-0.118092,1
ERR4341819,Asnicar,24813688,United Kingdom,51.509865,-0.118092,1
ERR4341820,Asnicar,47657367,United Kingdom,51.509865,-0.118092,1
ERR4341821,Asnicar,29172950,United Kingdom,51.509865,-0.118092,1
ERR4341822,Asnicar,28050247,United Kingdom,51.509865,-0.118092,1
ERR4341823,Asnicar,37606857,United Kingdom,51.509865,-0.118092,1
ERR4341824,Asnicar,57913633,United Kingdom,51.509865,-0.118092,1
ERR4341825,Asnicar,47349332,United Kingdom,51.509865,-0.118092,1
ERR4341826,Asnicar,25895343,United Kingdom,51.509865,-0.118092,1
ERR4341827,Asnicar,24622387,USA,42.361145,-71.057083,2
ERR4341828,Asnicar,26855909,United Kingdom,51.509865,-0.118092,1
ERR4341829,Asnicar,25755703,United Kingdom,51.509865,-0.118092,1
ERR4341830,Asnicar,25869396,United Kingdom,51.509865,-0.118092,1
ERR4341831,Asnicar,26395700,United Kingdom,51.509865,-0.118092,1
ERR4341832,Asnicar,22960903,United Kingdom,51.509865,-0.118092,1
ERR4341833,Asnicar,23909433,United Kingdom,51.509865,-0.118092,1
ERR4341834,Asnicar,24985179,United Kingdom,51.509865,-0.118092,1
ERR4341835,Asnicar,24021337,United Kingdom,51.509865,-0.118092,1
ERR4341836,Asnicar,29660707,United Kingdom,51.509865,-0.118092,1
ERR4341837,Asnicar,24535457,United Kingdom,51.509865,-0.118092,1
ERR4341838,Asnicar,26357224,United Kingdom,51.509865,-0.118092,1
ERR4341839,Asnicar,24470623,United Kingdom,51.509865,-0.118092,1
ERR4341840,Asnicar,24087149,United Kingdom,51.509865,-0.118092,1
ERR4341841,Asnicar,32467385,United Kingdom,51.509865,-0.118092,1
ERR4341842,Asnicar,30489231,United Kingdom,51.509865,-0.118092,1
ERR4341843,Asnicar,91161631,United Kingdom,51.509865,-0.118092,1
ERR4341844,Asnicar,42228122,United Kingdom,51.509865,-0.118092,1
ERR4341845,Asnicar,22516267,United Kingdom,51.509865,-0.118092,1
ERR4341846,Asnicar,26352220,United Kingdom,51.509865,-0.118092,1
ERR4341847,Asnicar,24848592,USA,42.361145,-71.057083,2
ERR4341848,Asnicar,41405684,United Kingdom,51.509865,-0.118092,1
ERR4341849,Asnicar,24306204,United Kingdom,51.509865,-0.118092,1
ERR4341850,Asnicar,47881932,United Kingdom,51.509865,-0.118092,1
ERR4341851,Asnicar,31554409,United Kingdom,51.509865,-0.118092,1
ERR4341852,Asnicar,26502757,United Kingdom,51.509865,-0.118092,1
ERR4341853,Asnicar,23661017,United Kingdom,51.509865,-0.118092,1
ERR4341854,Asnicar,24628358,United Kingdom,51.509865,-0.118092,1
ERR4341855,Asnicar,26838458,United Kingdom,51.509865,-0.118092,1
ERR4341857,Asnicar,27827649,United Kingdom,51.509865,-0.118092,1
ERR4341858,Asnicar,23202512,United Kingdom,51.509865,-0.118092,1
ERR4341859,Asnicar,27080638,United Kingdom,51.509865,-0.118092,1
ERR4341860,Asnicar,25664828,United Kingdom,51.509865,-0.118092,1
ERR4341861,Asnicar,23467692,United Kingdom,51.509865,-0.118092,1
ERR4341862,Asnicar,31289328,United Kingdom,51.509865,-0.118092,1
ERR4341863,Asnicar,38114842,United Kingdom,51.509865,-0.118092,1
ERR4341864,Asnicar,23365087,United Kingdom,51.509865,-0.118092,1
ERR4341865,Asnicar,25495594,United Kingdom,51.509865,-0.118092,1
ERR4341866,Asnicar,29411317,United Kingdom,51.509865,-0.118092,1
ERR4341867,Asnicar,25378365,United Kingdom,51.509865,-0.118092,1
ERR4341868,Asnicar,27617989,United Kingdom,51.509865,-0.118092,1
ERR4341869,Asnicar,27817250,United Kingdom,51.509865,-0.118092,1
ERR4341870,Asnicar,38732849,United Kingdom,51.509865,-0.118092,1
ERR4341871,Asnicar,25974811,United Kingdom,51.509865,-0.118092,1
ERR4341872,Asnicar,24282796,United Kingdom,51.509865,-0.118092,1
ERR4341873,Asnicar,26769517,United Kingdom,51.509865,-0.118092,1
ERR4341874,Asnicar,28307343,United Kingdom,51.509865,-0.118092,1
ERR4341875,Asnicar,29500026,United Kingdom,51.509865,-0.118092,1
ERR4341876,Asnicar,37422395,United Kingdom,51.509865,-0.118092,1
ERR4341877,Asnicar,30038682,United Kingdom,51.509865,-0.118092,1
ERR4341878,Asnicar,24759672,United Kingdom,51.509865,-0.118092,1
ERR4341880,Asnicar,28978153,United Kingdom,51.509865,-0.118092,1
ERR4341882,Asnicar,26591079,United Kingdom,51.509865,-0.118092,1
ERR4341883,Asnicar,38824950,United Kingdom,51.509865,-0.118092,1
ERR4341884,Asnicar,31163967,USA,42.361145,-71.057083,2
ERR4341885,Asnicar,34683878,United Kingdom,51.509865,-0.118092,1
ERR4341886,Asnicar,27406208,United Kingdom,51.509865,-0.118092,1
ERR4341887,Asnicar,36330724,United Kingdom,51.509865,-0.118092,1
ERR4341888,Asnicar,30787639,United Kingdom,51.509865,-0.118092,1
ERR4341889,Asnicar,23864017,United Kingdom,51.509865,-0.118092,1
ERR4341890,Asnicar,32935077,United Kingdom,51.509865,-0.118092,1
ERR4341891,Asnicar,21135787,United Kingdom,51.509865,-0.118092,1
ERR4341892,Asnicar,41255998,United Kingdom,51.509865,-0.118092,1
ERR4341893,Asnicar,25530228,United Kingdom,51.509865,-0.118092,1
ERR4341894,Asnicar,25810298,United Kingdom,51.509865,-0.118092,1
ERR4341895,Asnicar,25408486,United Kingdom,51.509865,-0.118092,1
ERR4341896,Asnicar,23193328,United Kingdom,51.509865,-0.118092,1
ERR4341897,Asnicar,40870787,United Kingdom,51.509865,-0.118092,1
ERR4341898,Asnicar,25778941,United Kingdom,51.509865,-0.118092,1
ERR4341899,Asnicar,27534195,United Kingdom,51.509865,-0.118092,1
ERR4341900,Asnicar,23120576,United Kingdom,51.509865,-0.118092,1
ERR4341901,Asnicar,30143267,United Kingdom,51.509865,-0.118092,1
ERR4341902,Asnicar,38594501,United Kingdom,51.509865,-0.118092,1
ERR4341903,Asnicar,27826483,United Kingdom,51.509865,-0.118092,1
ERR4341904,Asnicar,28340177,United Kingdom,51.509865,-0.118092,1
ERR4341905,Asnicar,26747268,United Kingdom,51.509865,-0.118092,1
ERR4341906,Asnicar,26276505,United Kingdom,51.509865,-0.118092,1
ERR4341907,Asnicar,33349525,United Kingdom,51.509865,-0.118092,1
ERR4341908,Asnicar,23510173,United Kingdom,51.509865,-0.118092,1
ERR4341909,Asnicar,18389509,United Kingdom,51.509865,-0.118092,1
ERR4341910,Asnicar,33457220,United Kingdom,51.509865,-0.118092,1
ERR4341911,Asnicar,35188147,United Kingdom,51.509865,-0.118092,1
ERR4341912,Asnicar,25310831,United Kingdom,51.509865,-0.118092,1
ERR4341913,Asnicar,23420046,United Kingdom,51.509865,-0.118092,1
ERR4341914,Asnicar,33468744,USA,42.361145,-71.057083,2
ERR4341915,Asnicar,24572322,United Kingdom,51.509865,-0.118092,1
ERR4341916,Asnicar,32431928,United Kingdom,51.509865,-0.118092,1
ERR4341917,Asnicar,26927600,United Kingdom,51.509865,-0.118092,1
ERR4341918,Asnicar,22849411,United Kingdom,51.509865,-0.118092,1
ERR4341919,Asnicar,30034223,United Kingdom,51.509865,-0.118092,1
ERR4341920,Asnicar,23236024,United Kingdom,51.509865,-0.118092,1
ERR4341921,Asnicar,31204202,United Kingdom,51.509865,-0.118092,1
ERR4341922,Asnicar,25286019,United Kingdom,51.509865,-0.118092,1
ERR4341923,Asnicar,29430044,USA,42.361145,-71.057083,2
ERR4341924,Asnicar,34018394,United Kingdom,51.509865,-0.118092,1
ERR4341925,Asnicar,25211477,United Kingdom,51.509865,-0.118092,1
ERR4341926,Asnicar,23757818,United Kingdom,51.509865,-0.118092,1
ERR4341927,Asnicar,25913469,United Kingdom,51.509865,-0.118092,1
ERR4341928,Asnicar,23357376,United Kingdom,51.509865,-0.118092,1
ERR4341929,Asnicar,23920304,United Kingdom,51.509865,-0.118092,1
ERR4341930,Asnicar,24301107,United Kingdom,51.509865,-0.118092,1
ERR4341931,Asnicar,28520610,United Kingdom,51.509865,-0.118092,1
ERR4341932,Asnicar,24285983,United Kingdom,51.509865,-0.118092,1
ERR4341933,Asnicar,33223681,United Kingdom,51.509865,-0.118092,1
ERR4341934,Asnicar,33762574,United Kingdom,51.509865,-0.118092,1
ERR4341935,Asnicar,24726938,United Kingdom,51.509865,-0.118092,1
ERR4341936,Asnicar,28954705,United Kingdom,51.509865,-0.118092,1
ERR4341937,Asnicar,25928060,United Kingdom,51.509865,-0.118092,1
ERR4341938,Asnicar,26679877,USA,42.361145,-71.057083,2
ERR4341939,Asnicar,43508812,United Kingdom,51.509865,-0.118092,1
ERR4341940,Asnicar,25425163,United Kingdom,51.509865,-0.118092,1
ERR4341941,Asnicar,25286111,United Kingdom,51.509865,-0.118092,1
ERR4341942,Asnicar,39991871,United Kingdom,51.509865,-0.118092,1
ERR4341943,Asnicar,27959601,United Kingdom,51.509865,-0.118092,1
ERR4341944,Asnicar,25621445,USA,42.361145,-71.057083,2
ERR4341945,Asnicar,25183795,United Kingdom,51.509865,-0.118092,1
ERR4341946,Asnicar,45624141,United Kingdom,51.509865,-0.118092,1
ERR4341947,Asnicar,24701456,United Kingdom,51.509865,-0.118092,1
ERR4341948,Asnicar,24756318,United Kingdom,51.509865,-0.118092,1
ERR4341949,Asnicar,26430075,USA,42.361145,-71.057083,2
ERR4341950,Asnicar,29754574,USA,42.361145,-71.057083,2
ERR4341951,Asnicar,27332018,United Kingdom,51.509865,-0.118092,1
ERR4341952,Asnicar,13731267,United Kingdom,51.509865,-0.118092,1
ERR4341953,Asnicar,40017507,United Kingdom,51.509865,-0.118092,1
ERR4341954,Asnicar,23415435,United Kingdom,51.509865,-0.118092,1
ERR4341955,Asnicar,38947514,United Kingdom,51.509865,-0.118092,1
ERR4341956,Asnicar,28426335,United Kingdom,51.509865,-0.118092,1
ERR4341957,Asnicar,25781845,United Kingdom,51.509865,-0.118092,1
ERR4341958,Asnicar,29827500,USA,42.361145,-71.057083,2
ERR4341959,Asnicar,24656275,United Kingdom,51.509865,-0.118092,1
ERR7737607,Carter,2497299,Tanzania,-3.55,34.58,28
ERR7737623,Carter,8501350,Tanzania,-3.55,34.58,28
ERR7737953,Carter,15402248,Tanzania,-3.55,34.58,28
ERR7737954,Carter,28731775,Tanzania,-3.55,34.58,28
ERR7737956,Carter,26349160,Tanzania,-3.55,34.58,28
ERR7737964,Carter,34506511,Tanzania,-3.55,34.58,28
ERR7737965,Carter,31020253,Tanzania,-3.55,34.58,28
ERR7737967,Carter,42647666,Tanzania,-3.55,34.58,28
ERR7737968,Carter,46273475,Tanzania,-3.55,34.58,28
ERR7737971,Carter,48552190,Tanzania,-3.55,34.58,28
ERR7737972,Carter,45584248,Tanzania,-3.55,34.58,28
ERR7737974,Carter,41254945,Tanzania,-3.55,34.58,28
ERR7738141,Carter,49707848,Tanzania,-3.55,34.58,28
ERR7738142,Carter,46161986,Tanzania,-3.55,34.58,28
ERR7738146,Carter,46958622,Tanzania,-3.55,34.58,28
ERR7738148,Carter,47370472,Tanzania,-3.55,34.58,28
ERR7738154,Carter,38510076,Tanzania,-3.55,34.58,28
ERR7738158,Carter,46912261,Tanzania,-3.55,34.58,28
ERR7738162,Carter,48444732,Tanzania,-3.55,34.58,28
ERR7738163,Carter,51253387,Tanzania,-3.55,34.58,28
ERR7738167,Carter,55964507,Tanzania,-3.55,34.58,28
ERR7738168,Carter,43002254,Tanzania,-3.55,34.58,28
ERR7738169,Carter,48690498,Tanzania,-3.55,34.58,28
ERR7738170,Carter,52031832,Tanzania,-3.55,34.58,28
ERR7738174,Carter,43464047,Tanzania,-3.55,34.58,28
ERR7738176,Carter,44720338,Tanzania,-3.55,34.58,28
ERR7738181,Carter,53909217,Tanzania,-3.55,34.58,28
ERR7738184,Carter,45842429,Tanzania,-3.55,34.58,28
ERR7738185,Carter,53106324,Tanzania,-3.55,34.58,28
ERR7738186,Carter,53780593,Tanzania,-3.55,34.58,28
ERR7738191,Carter,52840025,Tanzania,-3.55,34.58,28
ERR7738192,Carter,52980022,Tanzania,-3.55,34.58,28
ERR7738194,Carter,54116653,Tanzania,-3.55,34.58,28
ERR7738195,Carter,52467299,Tanzania,-3.55,34.58,28
ERR7738196,Carter,53053909,Tanzania,-3.55,34.58,28
ERR7738198,Carter,49409712,Tanzania,-3.55,34.58,28
ERR7738201,Carter,66965695,Tanzania,-3.55,34.58,28
ERR7738202,Carter,51738106,Tanzania,-3.55,34.58,28
ERR7738203,Carter,50525438,Tanzania,-3.55,34.58,28
ERR7738210,Carter,50413626,Tanzania,-3.55,34.58,28
ERR7738211,Carter,55263094,Tanzania,-3.55,34.58,28
ERR7738213,Carter,49768001,Tanzania,-3.55,34.58,28
ERR7738216,Carter,52128799,Tanzania,-3.55,34.58,28
ERR7738217,Carter,55657474,Tanzania,-3.55,34.58,28
ERR7738218,Carter,59377839,Tanzania,-3.55,34.58,28
ERR7738219,Carter,44541078,Tanzania,-3.55,34.58,28
ERR7738222,Carter,53232721,Tanzania,-3.55,34.58,28
ERR7738223,Carter,53085545,Tanzania,-3.55,34.58,28
ERR7738224,Carter,54486672,Tanzania,-3.55,34.58,28
ERR7738227,Carter,54317190,Tanzania,-3.55,34.58,28
ERR7738228,Carter,57475411,Tanzania,-3.55,34.58,28
ERR7738232,Carter,66328668,Tanzania,-3.55,34.58,28
ERR7738234,Carter,62127658,Tanzania,-3.55,34.58,28
ERR7738235,Carter,62781116,Tanzania,-3.55,34.58,28
ERR7738240,Carter,56548606,Tanzania,-3.55,34.58,28
ERR7738241,Carter,60632934,Tanzania,-3.55,34.58,28
ERR7738242,Carter,48352621,Tanzania,-3.55,34.58,28
ERR7738243,Carter,60867345,Tanzania,-3.55,34.58,28
ERR7738245,Carter,61318998,Tanzania,-3.55,34.58,28
ERR7738247,Carter,56456304,Tanzania,-3.55,34.58,28
ERR7738248,Carter,61575757,Tanzania,-3.55,34.58,28
ERR7738251,Carter,58399868,Tanzania,-3.55,34.58,28
ERR7738252,Carter,67074408,Tanzania,-3.55,34.58,28
ERR7738253,Carter,57028778,Tanzania,-3.55,34.58,28
ERR7738254,Carter,57904967,Tanzania,-3.55,34.58,28
ERR7738257,Carter,59780883,Tanzania,-3.55,34.58,28
ERR7738260,Carter,72928482,Tanzania,-3.55,34.58,28
ERR7738263,Carter,77601210,Tanzania,-3.55,34.58,28
ERR7738268,Carter,49206034,Tanzania,-3.55,34.58,28
ERR7738271,Carter,60048115,Tanzania,-3.55,34.58,28
ERR7738273,Carter,64834892,Tanzania,-3.55,34.58,28
ERR7738274,Carter,83515334,Tanzania,-3.55,34.58,28
ERR7738275,Carter,86750488,Tanzania,-3.55,34.58,28
ERR7738527,Carter,98920607,Tanzania,-3.55,34.58,28
ERR7738557,Carter,95865180,Tanzania,-3.55,34.58,28
ERR7738561,Carter,92240775,Tanzania,-3.55,34.58,28
ERR7738565,Carter,98886170,Tanzania,-3.55,34.58,28
ERR7738569,Carter,102631418,Tanzania,-3.55,34.58,28
ERR7738591,Carter,116312087,Tanzania,-3.55,34.58,28
ERR7738593,Carter,110544275,Tanzania,-3.55,34.58,28
ERR7738594,Carter,93751408,Tanzania,-3.55,34.58,28
ERR7738598,Carter,115402154,Tanzania,-3.55,34.58,28
ERR7738600,Carter,105262810,Tanzania,-3.55,34.58,28
ERR7738601,Carter,107022479,Tanzania,-3.55,34.58,28
ERR7738603,Carter,120164801,Tanzania,-3.55,34.58,28
ERR7738608,Carter,123913183,Tanzania,-3.55,34.58,28
ERR7738609,Carter,124802374,Tanzania,-3.55,34.58,28
ERR7738610,Carter,113684806,Tanzania,-3.55,34.58,28
ERR7738611,Carter,120937642,Tanzania,-3.55,34.58,28
ERR7738612,Carter,108410304,Tanzania,-3.55,34.58,28
ERR7738614,Carter,96312271,Tanzania,-3.55,34.58,28
ERR7738616,Carter,128602892,Tanzania,-3.55,34.58,28
ERR7738617,Carter,111047859,Tanzania,-3.55,34.58,28
ERR7738622,Carter,113481536,Tanzania,-3.55,34.58,28
ERR7738623,Carter,130677263,Tanzania,-3.55,34.58,28
ERR7738624,Carter,141176651,Tanzania,-3.55,34.58,28
ERR7738627,Carter,122168886,Tanzania,-3.55,34.58,28
ERR7738630,Carter,120716187,Tanzania,-3.55,34.58,28
ERR7738631,Carter,131411401,Tanzania,-3.55,34.58,28
ERR7738643,Carter,135660056,Tanzania,-3.55,34.58,28
ERR7738660,Carter,144701330,Tanzania,-3.55,34.58,28
ERR7738661,Carter,155893997,Tanzania,-3.55,34.58,28
ERR7738957,Carter,194192638,Tanzania,-3.55,34.58,28
ERR7738959,Carter,196274978,Tanzania,-3.55,34.58,28
ERR7745329,Carter,39432118,Tanzania,-3.55,34.58,28
ERR7745362,Carter,41340675,Tanzania,-3.55,34.58,28
ERR7745371,Carter,48657061,Tanzania,-3.55,34.58,28
ERR7745376,Carter,47596534,Tanzania,-3.55,34.58,28
ERR7745382,Carter,47698823,Tanzania,-3.55,34.58,28
ERR7745383,Carter,46868415,Tanzania,-3.55,34.58,28
ERR7745388,Carter,48129156,Tanzania,-3.55,34.58,28
ERR7745397,Carter,44801611,Tanzania,-3.55,34.58,28
ERR7745398,Carter,46916833,Tanzania,-3.55,34.58,28
ERR7745412,Carter,52138608,Tanzania,-3.55,34.58,28
ERR7745414,Carter,46150163,Tanzania,-3.55,34.58,28
ERR7745419,Carter,51605073,Tanzania,-3.55,34.58,28
ERR7745423,Carter,50275512,Tanzania,-3.55,34.58,28
ERR7745429,Carter,47548634,Tanzania,-3.55,34.58,28
ERR7745431,Carter,52601871,Tanzania,-3.55,34.58,28
ERR7745432,Carter,47804882,Tanzania,-3.55,34.58,28
ERR7745539,Carter,55327887,Tanzania,-3.55,34.58,28
ERR7745556,Carter,52844269,Tanzania,-3.55,34.58,28
ERR7745559,Carter,51481518,Tanzania,-3.55,34.58,28
ERR7745582,Carter,60874438,Tanzania,-3.55,34.58,28
ERR7745603,Carter,69625482,Tanzania,-3.55,34.58,28
ERR7745614,Carter,66875640,Tanzania,-3.55,34.58,28
ERR7745634,Carter,25220234,Tanzania,-3.55,34.58,28
ERR7745648,Carter,68492427,Tanzania,-3.55,34.58,28
ERR7745687,Carter,73281563,Tanzania,-3.55,34.58,28
ERR7745759,Carter,84128822,Tanzania,-3.55,34.58,28
ERR7745816,Carter,95231858,Tanzania,-3.55,34.58,28
ERR7745823,Carter,99053240,Tanzania,-3.55,34.58,28
ERR7745828,Carter,94861238,Tanzania,-3.55,34.58,28
ERR7745852,Carter,109533155,Tanzania,-3.55,34.58,28
ERR7745854,Carter,99059347,Tanzania,-3.55,34.58,28
ERR7745859,Carter,97249132,Tanzania,-3.55,34.58,28
ERR7745870,Carter,106586907,Tanzania,-3.55,34.58,28
ERR7745881,Carter,47529937,Tanzania,-3.55,34.58,28
ERR7745890,Carter,104857316,Tanzania,-3.55,34.58,28
ERR7745896,Carter,121985802,Tanzania,-3.55,34.58,28
ERR7745903,Carter,109047789,Tanzania,-3.55,34.58,28
ERR7745906,Carter,104691000,Tanzania,-3.55,34.58,28
ERR7745919,Carter,51946567,Tanzania,-3.55,34.58,28
ERR7745947,Carter,112409452,Tanzania,-3.55,34.58,28
ERR7745948,Carter,56854041,Tanzania,-3.55,34.58,28
ERR7745951,Carter,109840951,Tanzania,-3.55,34.58,28
ERR7745953,Carter,57358023,Tanzania,-3.55,34.58,28
ERR7745970,Carter,48244160,Tanzania,-3.55,34.58,28
ERR7745990,Carter,118821110,Tanzania,-3.55,34.58,28
ERR7745994,Carter,121704005,Tanzania,-3.55,34.58,28
ERR7746012,Carter,65274725,Tanzania,-3.55,34.58,28
ERR7746051,Carter,128305664,Tanzania,-3.55,34.58,28
ERR7746094,Carter,129449799,Tanzania,-3.55,34.58,28
ERR7746101,Carter,55344631,Tanzania,-3.55,34.58,28
ERR7746111,Carter,137358100,Tanzania,-3.55,34.58,28
ERR7746113,Carter,136755981,Tanzania,-3.55,34.58,28
ERR7746144,Carter,86809775,Tanzania,-3.55,34.58,28
ERR7746184,Carter,94953704,Tanzania,-3.55,34.58,28
ERR7746217,Carter,98342160,Tanzania,-3.55,34.58,28
ERR7746219,Carter,97722545,Tanzania,-3.55,34.58,28
ERR7746398,Carter,106506192,Tanzania,-3.55,34.58,28
ERR7746433,Carter,46284808,Tanzania,-3.55,34.58,28
ERR7746436,Carter,45770647,Tanzania,-3.55,34.58,28
ERR7746440,Carter,46595562,Tanzania,-3.55,34.58,28
ERR7746465,Carter,50504706,Tanzania,-3.55,34.58,28
ERR7746660,Carter,33393971,Tanzania,-3.55,34.58,28
ERR7746688,Carter,225366316,Tanzania,-3.55,34.58,28
ERR7746692,Carter,38444571,Tanzania,-3.55,34.58,28
ERR7746738,Carter,49552070,Tanzania,-3.55,34.58,28
ERR7746739,Carter,39488633,Tanzania,-3.55,34.58,28
ERR7746741,Carter,49224340,Tanzania,-3.55,34.58,28
ERR7746742,Carter,50110092,Tanzania,-3.55,34.58,28
ERR7746748,Carter,52435847,Tanzania,-3.55,34.58,28
ERR7746751,Carter,54116132,Tanzania,-3.55,34.58,28
ERR7746757,Carter,56348155,Tanzania,-3.55,34.58,28
ERR7746767,Carter,60561126,Tanzania,-3.55,34.58,28
ERR7746785,Carter,71331835,Tanzania,-3.55,34.58,28
ERR7747084,Carter,73748875,Tanzania,-3.55,34.58,28
ERR7747125,Carter,61974105,Tanzania,-3.55,34.58,28
ERR7747128,Carter,63066965,Tanzania,-3.55,34.58,28
ERR7747140,Carter,133772299,Tanzania,-3.55,34.58,28
ERR7747255,Carter,103662742,Tanzania,-3.55,34.58,28
ERR7747322,Carter,117983922,Tanzania,-3.55,34.58,28
ERR7747324,Carter,108359906,Tanzania,-3.55,34.58,28
ERR7747394,Carter,120369052,Tanzania,-3.55,34.58,28
ERR7747522,Carter,149701810,Tanzania,-3.55,34.58,28
ERR2619707,Lokmer,24564595,Cameroon,3.0558254,10.2062396,12
ERR2619708,Lokmer,33478502,Cameroon,3.0143205,10.1031917,12
ERR2619709,Lokmer,31780553,Cameroon,3.0143205,10.1031917,12
ERR2619710,Lokmer,22806309,Cameroon,3.0143205,10.1031917,12
ERR2619711,Lokmer,20847373,Cameroon,3.0143205,10.1031917,12
ERR2619712,Lokmer,20891509,Cameroon,3.0143205,10.1031917,12
ERR2619713,Lokmer,15958968,Cameroon,3.0143205,10.1031917,12
ERR2619714,Lokmer,18077985,Cameroon,3.0558254,10.2062396,12
ERR2619715,Lokmer,22742301,Cameroon,3.0558254,10.2062396,12
ERR2619716,Lokmer,23620231,Cameroon,3.0558254,10.2062396,12
ERR2619717,Lokmer,30941507,Cameroon,3.0558254,10.2062396,12
ERR2619718,Lokmer,28897728,Cameroon,3.0460465,10.1573919,12
ERR2619719,Lokmer,25905684,Cameroon,3.0460465,10.1573919,12
ERR2619720,Lokmer,26510642,Cameroon,3.0460465,10.1573919,12
ERR2619721,Lokmer,24805323,Cameroon,3.0436735,10.2601953,19
ERR2619722,Lokmer,17774663,Cameroon,3.0436735,10.2601953,19
ERR2619723,Lokmer,19315774,Cameroon,3.0558254,10.2062396,12
ERR2619724,Lokmer,21708387,Cameroon,3.0558254,10.2062396,12
ERR2619725,Lokmer,34103275,Cameroon,3.0558254,10.2062396,12
ERR2619726,Lokmer,27564109,Cameroon,3.0558254,10.2062396,12
ERR2619727,Lokmer,29916892,Cameroon,3.0558254,10.2062396,12
ERR2619728,Lokmer,40739628,Cameroon,2.3839521,9.9853964,19
ERR2619729,Lokmer,25823742,Cameroon,2.3839521,9.9853964,19
ERR2619730,Lokmer,29592362,Cameroon,2.3839521,9.9853964,19
ERR2619731,Lokmer,32916916,Cameroon,2.3839521,9.9853964,19
ERR2619732,Lokmer,25611554,Cameroon,2.3839521,9.9853964,19
ERR2619733,Lokmer,23006895,Cameroon,2.3839521,9.9853964,19
ERR2619734,Lokmer,25591891,Cameroon,2.3839521,9.9853964,19
ERR2619735,Lokmer,22026861,Cameroon,2.3839521,9.9853964,19
ERR2619736,Lokmer,26430382,Cameroon,2.3839521,9.9853964,19
ERR2619737,Lokmer,25268318,Cameroon,2.375817,9.963923,19
ERR2619738,Lokmer,20035788,Cameroon,2.375817,9.963923,19
ERR2619739,Lokmer,30669540,Cameroon,2.375817,9.963923,19
ERR2619740,Lokmer,24400867,Cameroon,2.375817,9.963923,19
ERR2619741,Lokmer,27006201,Cameroon,2.375817,9.963923,19
ERR2619742,Lokmer,29857186,Cameroon,2.375817,9.963923,19
ERR2619743,Lokmer,24631548,Cameroon,2.375817,9.963923,19
ERR2619744,Lokmer,26114216,Cameroon,2.375817,9.963923,19
ERR2619745,Lokmer,26989142,Cameroon,2.5649654,9.8252117,12
ERR2619746,Lokmer,32845208,Cameroon,2.5649654,9.8252117,12
ERR2619747,Lokmer,22214871,Cameroon,2.5649654,9.8252117,12
ERR2619748,Lokmer,29882330,Cameroon,2.5649654,9.8252117,12
ERR2619749,Lokmer,23275214,Cameroon,2.5649654,9.8252117,12
ERR2619750,Lokmer,30058882,Cameroon,2.5649654,9.8252117,12
ERR2619751,Lokmer,22888892,Cameroon,2.5649654,9.8252117,12
ERR2619752,Lokmer,29082413,Cameroon,2.5649654,9.8252117,12
ERR2619753,Lokmer,25746071,Cameroon,2.5649654,9.8252117,12
ERR2619754,Lokmer,23983429,Cameroon,2.5649654,9.8252117,12
ERR2619755,Lokmer,24067659,Cameroon,2.5649654,9.8252117,12
ERR2619756,Lokmer,21940970,Cameroon,2.5649654,9.8252117,12
ERR2619757,Lokmer,22962936,Cameroon,2.5649654,9.8252117,12
ERR2619758,Lokmer,23474937,Cameroon,2.5649654,9.8252117,12
ERR2619759,Lokmer,22488922,Cameroon,2.5649654,9.8252117,12
ERR2619760,Lokmer,22749651,Cameroon,2.5649654,9.8252117,12
ERR2619761,Lokmer,20367714,Cameroon,2.5649654,9.8252117,12
ERR2619762,Lokmer,25195418,Cameroon,2.5649654,9.8252117,12
ERR2619763,Lokmer,30027536,Cameroon,2.5649654,9.8252117,12
SRR1761667,Obregon-Tito,4989966,Peru,-9.91,-76.23,5
SRR1761668,Obregon-Tito,4673239,Peru,-9.91,-76.23,5
SRR1761669,Obregon-Tito,3399997,Peru,-9.91,-76.23,5
SRR1761670,Obregon-Tito,6056035,Peru,-9.91,-76.23,5
SRR1761671,Obregon-Tito,6652694,Peru,-9.91,-76.23,5
SRR1761672,Obregon-Tito,5596257,Peru,-9.91,-76.23,5
SRR1761673,Obregon-Tito,6697197,Peru,-9.91,-76.23,5
SRR1761675,Obregon-Tito,6024122,Peru,-9.91,-76.23,5
SRR1761676,Obregon-Tito,20614384,USA,35.21,-97.43,6
SRR1761677,Obregon-Tito,25925960,USA,35.21,-97.43,6
SRR1761678,Obregon-Tito,26794377,USA,35.21,-97.43,6
SRR1761679,Obregon-Tito,23787671,USA,35.21,-97.43,6
SRR1761680,Obregon-Tito,24149687,USA,35.21,-97.43,6
SRR1761681,Obregon-Tito,19707233,USA,35.21,-97.43,6
SRR1761682,Obregon-Tito,21352814,USA,35.21,-97.43,6
SRR1761683,Obregon-Tito,18722553,USA,35.21,-97.43,6
SRR1761684,Obregon-Tito,23432059,USA,35.21,-97.43,6
SRR1761685,Obregon-Tito,24968807,USA,35.21,-97.43,6
SRR1761686,Obregon-Tito,24263287,USA,35.21,-97.43,6
SRR1761687,Obregon-Tito,22139866,USA,35.21,-97.43,6
SRR1761689,Obregon-Tito,20443983,USA,35.21,-97.43,6
SRR1761690,Obregon-Tito,28293876,USA,35.21,-97.43,6
SRR1761693,Obregon-Tito,23005555,USA,35.21,-97.43,6
SRR1761695,Obregon-Tito,21926322,USA,35.21,-97.43,6
SRR1761696,Obregon-Tito,24462802,USA,35.21,-97.43,6
SRR1761697,Obregon-Tito,26569854,USA,35.21,-97.43,6
SRR1761698,Obregon-Tito,35399494,Peru,-5.68,-73.33,30
SRR1761699,Obregon-Tito,45023909,Peru,-5.68,-73.33,30
SRR1761704,Obregon-Tito,29053562,Peru,-5.68,-73.33,30
SRR1761708,Obregon-Tito,26913213,Peru,-5.68,-73.33,30
SRR1761709,Obregon-Tito,29648053,Peru,-5.68,-73.33,30
SRR1761711,Obregon-Tito,29753792,Peru,-5.68,-73.33,30
SRR1761712,Obregon-Tito,34315106,Peru,-5.68,-73.33,30
SRR1761716,Obregon-Tito,33139273,Peru,-5.68,-73.33,30
SRR1761717,Obregon-Tito,31999740,Peru,-5.68,-73.33,30
SRR1927149,Rampelli,14834811,Tanzania,-3.6347588,35.0828588,30
SRR1929408,Rampelli,31843136,Tanzania,-3.6347588,35.0828588,30
SRR1929484,Rampelli,8271548,Tanzania,-3.6347588,35.0828588,30
SRR1929485,Rampelli,4744817,Tanzania,-3.6347588,35.0828588,30
SRR1929563,Rampelli,14081791,Tanzania,-3.6347588,35.0828588,30
SRR1929574,Rampelli,10431372,Tanzania,-3.6347588,35.0828588,30
SRR1930121,Rampelli,35645325,Tanzania,-3.6347588,35.0828588,30
SRR1930122,Rampelli,15396618,Tanzania,-3.6347588,35.0828588,30
SRR1930123,Rampelli,38920714,Tanzania,-3.6347588,35.0828588,30
SRR1930128,Rampelli,15333733,Tanzania,-3.6347588,35.0828588,30
SRR1930132,Rampelli,4866860,Tanzania,-3.6347588,35.0828588,30
SRR1930133,Rampelli,4913103,Tanzania,-3.6347588,35.0828588,30
SRR1930134,Rampelli,11313742,Tanzania,-3.6347588,35.0828588,30
SRR1930136,Rampelli,13390711,Tanzania,-3.6347588,35.0828588,30
SRR1930138,Rampelli,4929987,Tanzania,-3.6347588,35.0828588,30
SRR1930140,Rampelli,8449886,Tanzania,-3.6347588,35.0828588,30
SRR1930141,Rampelli,32369669,Tanzania,-3.6347588,35.0828588,30
SRR1930142,Rampelli,5271272,Tanzania,-3.6347588,35.0828588,30
SRR1930143,Rampelli,6603974,Tanzania,-3.6347588,35.0828588,30
SRR1930144,Rampelli,5055719,Tanzania,-3.6347588,35.0828588,30
SRR1930145,Rampelli,16695141,Tanzania,-3.6347588,35.0828588,30
SRR1930149,Rampelli,4105469,Tanzania,-3.6347588,35.0828588,30
SRR1930176,Rampelli,5243950,Tanzania,-3.6347588,35.0828588,30
SRR1930177,Rampelli,5537392,Tanzania,-3.6347588,35.0828588,30
SRR1930179,Rampelli,5247168,Tanzania,-3.6347588,35.0828588,30
SRR1930187,Rampelli,4041601,Tanzania,-3.6347588,35.0828588,30
SRR1930244,Rampelli,8006701,Tanzania,-3.6347588,35.0828588,30
SRR1930247,Rampelli,1940463,Italy,44.4950537,11.3427401,4
SRR1930248,Rampelli,4831072,Italy,44.4950537,11.3427401,4
SRR1930250,Rampelli,1870124,Italy,44.4950537,11.3427401,4
SRR1930251,Rampelli,2404767,Italy,44.4950537,11.3427401,4
SRR1930255,Rampelli,7186750,Italy,44.4950537,11.3427401,4
SRR1930777,Rampelli,3135074,Italy,44.4950537,11.3427401,4
SRR1931170,Rampelli,16744111,Italy,44.4950537,11.3427401,4
SRR1931173,Rampelli,23917309,Italy,44.4950537,11.3427401,4
SRR1931177,Rampelli,3230706,Italy,44.4950537,11.3427401,4
SRR1931178,Rampelli,3801021,Italy,44.4950537,11.3427401,4
SRR17048876,Tamburini,7401442,South Africa,-24.82,31.26,12
SRR17048877,Tamburini,8087023,South Africa,-24.82,31.26,12
SRR17048878,Tamburini,7628858,South Africa,-24.82,31.26,12
SRR17048879,Tamburini,13419617,South Africa,-24.82,31.26,12
SRR17048880,Tamburini,7496951,South Africa,-24.82,31.26,12
SRR17048881,Tamburini,7668974,South Africa,-24.82,31.26,12
SRR17048882,Tamburini,5815284,South Africa,-24.82,31.26,12
SRR17048883,Tamburini,15324519,South Africa,-24.82,31.26,12
SRR17048884,Tamburini,12027983,South Africa,-24.82,31.26,12
SRR17048885,Tamburini,16104545,South Africa,-24.82,31.26,12
SRR17048886,Tamburini,2118913,South Africa,-24.82,31.26,12
SRR17048887,Tamburini,14991371,South Africa,-24.82,31.26,12
SRR17048888,Tamburini,15667107,South Africa,-24.82,31.26,12
SRR17048889,Tamburini,14255537,South Africa,-24.82,31.26,12
SRR17048890,Tamburini,16668893,South Africa,-24.82,31.26,12
SRR17048891,Tamburini,14849587,South Africa,-24.82,31.26,12
SRR17048892,Tamburini,9722692,South Africa,-24.82,31.26,12
SRR17048893,Tamburini,9315512,South Africa,-24.82,31.26,12
SRR17048894,Tamburini,7945612,South Africa,-24.82,31.26,12
SRR17048895,Tamburini,8693839,South Africa,-24.82,31.26,12
SRR17048896,Tamburini,9473248,South Africa,-24.82,31.26,12
SRR17048897,Tamburini,3250058,South Africa,-24.82,31.26,12
SRR17048898,Tamburini,9712668,South Africa,-24.82,31.26,12
SRR17048899,Tamburini,10348874,South Africa,-24.82,31.26,12
SRR17048900,Tamburini,8209026,South Africa,-24.82,31.26,12
SRR17048901,Tamburini,8311285,South Africa,-24.82,31.26,12
SRR17048902,Tamburini,12622933,South Africa,-24.82,31.26,12
SRR17048903,Tamburini,7736343,South Africa,-24.82,31.26,12
SRR17048904,Tamburini,9154066,South Africa,-24.82,31.26,12
SRR17048905,Tamburini,6267276,South Africa,-24.82,31.26,12
SRR17048906,Tamburini,8809894,South Africa,-24.82,31.26,12
SRR17048907,Tamburini,4120255,South Africa,-24.82,31.26,12
SRR17048908,Tamburini,3786088,South Africa,-24.82,31.26,12
SRR17048909,Tamburini,7119420,South Africa,-24.82,31.26,12
SRR17048910,Tamburini,6396338,South Africa,-24.82,31.26,12
SRR17048911,Tamburini,5855425,South Africa,-24.82,31.26,12
SRR17048912,Tamburini,7770476,South Africa,-24.82,31.26,12
SRR17048913,Tamburini,7671851,South Africa,-24.82,31.26,12
SRR17048914,Tamburini,8779419,South Africa,-24.82,31.26,12
SRR17048915,Tamburini,7932835,South Africa,-24.82,31.26,12
SRR17048916,Tamburini,8831060,South Africa,-24.82,31.26,12
SRR17048917,Tamburini,7627229,South Africa,-24.82,31.26,12
SRR17048918,Tamburini,8012719,South Africa,-24.82,31.26,12
SRR17048919,Tamburini,3193478,South Africa,-24.82,31.26,12
SRR17048920,Tamburini,8133195,South Africa,-24.82,31.26,12
SRR17048921,Tamburini,9235997,South Africa,-24.82,31.26,12
SRR17048922,Tamburini,9266983,South Africa,-24.82,31.26,12
SRR17048923,Tamburini,8083565,South Africa,-24.82,31.26,12
SRR17048924,Tamburini,9950711,South Africa,-24.82,31.26,12
SRR17048925,Tamburini,8591453,South Africa,-24.82,31.26,12
SRR17048926,Tamburini,6436917,South Africa,-24.82,31.26,12
SRR17048927,Tamburini,7930070,South Africa,-24.82,31.26,12
SRR17048928,Tamburini,9607545,South Africa,-24.82,31.26,12
SRR17048929,Tamburini,8953921,South Africa,-24.82,31.26,12
SRR17048930,Tamburini,3214983,South Africa,-24.82,31.26,12
SRR17048931,Tamburini,8359916,South Africa,-24.82,31.26,12
SRR17048932,Tamburini,8213459,South Africa,-24.82,31.26,12
SRR17048933,Tamburini,9389627,South Africa,-24.82,31.26,12
SRR17048934,Tamburini,7566228,South Africa,-24.82,31.26,12
SRR17048935,Tamburini,7685776,South Africa,-24.82,31.26,12
SRR17048936,Tamburini,7472308,South Africa,-24.82,31.26,12
SRR17048937,Tamburini,8306047,South Africa,-24.82,31.26,12
SRR17048938,Tamburini,8113697,South Africa,-24.82,31.26,12
SRR17048939,Tamburini,7461953,South Africa,-24.82,31.26,12
SRR17048940,Tamburini,7966146,South Africa,-24.82,31.26,12
SRR17048941,Tamburini,3224778,South Africa,-24.82,31.26,12
SRR17048942,Tamburini,7409349,South Africa,-24.82,31.26,12
SRR17048943,Tamburini,8709593,South Africa,-24.82,31.26,12
SRR17048944,Tamburini,6505376,South Africa,-24.82,31.26,12
SRR17048945,Tamburini,7424387,South Africa,-24.82,31.26,12
SRR17048946,Tamburini,8641103,South Africa,-24.82,31.26,12
SRR17048947,Tamburini,8854559,South Africa,-24.82,31.26,12
SRR17048948,Tamburini,7687366,South Africa,-24.82,31.26,12
SRR17048949,Tamburini,8326227,South Africa,-24.82,31.26,12
SRR17048950,Tamburini,8520174,South Africa,-24.82,31.26,12
SRR17048951,Tamburini,8409240,South Africa,-24.82,31.26,12
SRR17048952,Tamburini,3540046,South Africa,-24.82,31.26,12
SRR17048953,Tamburini,8528493,South Africa,-24.82,31.26,12
SRR17048954,Tamburini,8077081,South Africa,-24.82,31.26,12
SRR17048955,Tamburini,9066029,South Africa,-24.82,31.26,12
SRR17048956,Tamburini,7848890,South Africa,-24.82,31.26,12
SRR17048957,Tamburini,8746926,South Africa,-24.82,31.26,12
SRR17048958,Tamburini,8795292,South Africa,-24.82,31.26,12
SRR17048959,Tamburini,7147846,South Africa,-24.82,31.26,12
SRR17048960,Tamburini,8486668,South Africa,-24.82,31.26,12
SRR17048961,Tamburini,5502333,South Africa,-24.82,31.26,12
SRR17048962,Tamburini,7596504,South Africa,-24.82,31.26,12
SRR17048963,Tamburini,3854669,South Africa,-24.82,31.26,12
SRR17048964,Tamburini,9853439,South Africa,-24.82,31.26,12
SRR17048965,Tamburini,15720337,South Africa,-24.82,31.26,12
SRR17048966,Tamburini,4114314,South Africa,-24.82,31.26,12
SRR17048967,Tamburini,14725172,South Africa,-24.82,31.26,12
SRR17048968,Tamburini,10794681,South Africa,-26.25,27.85,1
SRR17048969,Tamburini,3827914,South Africa,-26.25,27.85,1
SRR17048970,Tamburini,3381853,South Africa,-26.25,27.85,1
SRR17048971,Tamburini,4029580,South Africa,-26.25,27.85,1
SRR17048972,Tamburini,3583880,South Africa,-26.25,27.85,1
SRR17048973,Tamburini,4392632,South Africa,-26.25,27.85,1
SRR17048974,Tamburini,3873472,South Africa,-26.25,27.85,1
SRR17048975,Tamburini,3380441,South Africa,-26.25,27.85,1
SRR17048976,Tamburini,3504911,South Africa,-24.82,31.26,12
SRR17048977,Tamburini,3147500,South Africa,-26.25,27.85,1
SRR17048978,Tamburini,7104473,South Africa,-26.25,27.85,1
SRR17048979,Tamburini,2667471,South Africa,-26.25,27.85,1
SRR17048980,Tamburini,4429684,South Africa,-26.25,27.85,1
SRR17048981,Tamburini,4565547,South Africa,-26.25,27.85,1
SRR17048982,Tamburini,4234000,South Africa,-26.25,27.85,1
SRR17048983,Tamburini,4077825,South Africa,-26.25,27.85,1
SRR17048984,Tamburini,4433610,South Africa,-26.25,27.85,1
SRR17048985,Tamburini,3103356,South Africa,-26.25,27.85,1
SRR17048986,Tamburini,3478064,South Africa,-26.25,27.85,1
SRR17048987,Tamburini,3521277,South Africa,-24.82,31.26,12
SRR17048988,Tamburini,3853519,South Africa,-26.25,27.85,1
SRR17048989,Tamburini,2876376,South Africa,-26.25,27.85,1
SRR17048990,Tamburini,5607214,South Africa,-26.25,27.85,1
SRR17048991,Tamburini,3338715,South Africa,-26.25,27.85,1
SRR17048992,Tamburini,3391256,South Africa,-26.25,27.85,1
SRR17048993,Tamburini,3466712,South Africa,-26.25,27.85,1
SRR17048994,Tamburini,3755509,South Africa,-26.25,27.85,1
SRR17048995,Tamburini,4551725,South Africa,-26.25,27.85,1
SRR17048996,Tamburini,3649439,South Africa,-26.25,27.85,1
SRR17048997,Tamburini,2855948,South Africa,-26.25,27.85,1
SRR17048998,Tamburini,4220997,South Africa,-24.82,31.26,12
SRR17048999,Tamburini,2957614,South Africa,-26.25,27.85,1
SRR17049000,Tamburini,2634068,South Africa,-26.25,27.85,1
SRR17049001,Tamburini,3465315,South Africa,-26.25,27.85,1
SRR17049002,Tamburini,4312004,South Africa,-26.25,27.85,1
SRR17049003,Tamburini,3103608,South Africa,-26.25,27.85,1
SRR17049004,Tamburini,3477821,South Africa,-26.25,27.85,1
SRR17049005,Tamburini,3393544,South Africa,-26.25,27.85,1
SRR17049006,Tamburini,3298339,South Africa,-26.25,27.85,1
SRR17049007,Tamburini,3641751,South Africa,-26.25,27.85,1
SRR17049008,Tamburini,3164200,South Africa,-26.25,27.85,1
SRR17049009,Tamburini,3810333,South Africa,-24.82,31.26,12
SRR17049010,Tamburini,3812828,South Africa,-26.25,27.85,1
SRR17049011,Tamburini,4104875,South Africa,-26.25,27.85,1
SRR17049012,Tamburini,3095656,South Africa,-26.25,27.85,1
SRR17049013,Tamburini,7840110,South Africa,-26.25,27.85,1
SRR17049014,Tamburini,2666372,South Africa,-26.25,27.85,1
SRR17049015,Tamburini,3611403,South Africa,-26.25,27.85,1
SRR17049016,Tamburini,3815513,South Africa,-26.25,27.85,1
SRR17049017,Tamburini,3581023,South Africa,-26.25,27.85,1
SRR17049018,Tamburini,3871481,South Africa,-26.25,27.85,1
SRR17049019,Tamburini,4390008,South Africa,-26.25,27.85,1
SRR17049020,Tamburini,3836779,South Africa,-24.82,31.26,12
SRR17049021,Tamburini,4151465,South Africa,-26.25,27.85,1
SRR17049022,Tamburini,3922185,South Africa,-26.25,27.85,1
SRR17049023,Tamburini,3343576,South Africa,-26.25,27.85,1
SRR17049024,Tamburini,16062305,South Africa,-24.82,31.26,12
SRR17049025,Tamburini,14095581,South Africa,-24.82,31.26,12
SRR17049026,Tamburini,12956011,South Africa,-24.82,31.26,12
SRR17049027,Tamburini,14001521,South Africa,-24.82,31.26,12
SRR17049028,Tamburini,16507817,South Africa,-24.82,31.26,12
SRR17049029,Tamburini,7784458,South Africa,-24.82,31.26,12
SRR17049030,Tamburini,7331891,South Africa,-24.82,31.26,12
SRR17049031,Tamburini,3772594,South Africa,-24.82,31.26,12
SRR17049032,Tamburini,11536546,South Africa,-24.82,31.26,12
SRR17049033,Tamburini,7878702,South Africa,-24.82,31.26,12
SRR17049034,Tamburini,14765896,South Africa,-24.82,31.26,12
SRR17049035,Tamburini,8505139,South Africa,-24.82,31.26,12
SRR17049036,Tamburini,6863631,South Africa,-24.82,31.26,12
SRR17049037,Tamburini,8203579,South Africa,-24.82,31.26,12
SRR17049038,Tamburini,7629036,South Africa,-24.82,31.26,12
SRR17049039,Tamburini,7439564,South Africa,-24.82,31.26,12
SRR17049040,Tamburini,6965440,South Africa,-24.82,31.26,12
SRR17049041,Tamburini,7149396,South Africa,-24.82,31.26,12
SRR17049042,Tamburini,3577998,South Africa,-24.82,31.26,12
SRR17049043,Tamburini,3258061,South Africa,-24.82,31.26,12
SRR17049044,Tamburini,3674893,South Africa,-24.82,31.26,12
